日期,天气状况,最高温度,最低温度,白天风力风向,夜晚风力风向,,,
2018年1月1日,多云/多云,22℃,12℃,无持续风向<3级,无持续风向<3级,,,22℃
2018年1月1日,多云/多云,22℃,12℃,无持续风向<3级,无持续风向<3级,,,22℃
2018年1月2日,多云/多云,22℃,15℃,无持续风向<3级,无持续风向<3级,,,22℃
2018年1月3日,多云/阴,23℃,15℃,无持续风向<3级,无持续风向<3级,,,23℃
2018年1月4日,多云/小雨,21℃,16℃,无持续风向<3级,无持续风向<3级,,,21℃
2018年1月5日,阴/小雨,19℃,13℃,无持续风向<3级,无持续风向<3级,,,19℃
2018年1月6日,小雨-中雨/中雨-大雨,15℃,11℃,无持续风向<3级,无持续风向<3级,,,15℃
2018年1月7日,大雨/中雨,15℃,7℃,无持续风向<3级,北风4～5级,,,15℃
2018年1月8日,中雨/小雨-中雨,12℃,5℃,北风4～5级,北风3～4级,,,12℃
2018年1月9日,小雨/阴,9℃,6℃,无持续风向<3级,无持续风向<3级,,,9℃
2018年1月10日,多云/多云,14℃,7℃,无持续风向<3级,无持续风向<3级,,,14℃
2018年1月11日,多云/多云,15℃,6℃,无持续风向<3级,无持续风向<3级,,,15℃
2018年1月12日,晴/晴,16℃,6℃,无持续风向<3级,无持续风向<3级,,,16℃
2018年1月13日,晴/晴,17℃,7℃,无持续风向<3级,无持续风向<3级,,,17℃
2018年1月14日,多云/多云,20℃,10℃,无持续风向<3级,无持续风向<3级,,,20℃
2018年1月15日,多云/多云,21℃,10℃,无持续风向<3级,无持续风向<3级,,,21℃
2018年1月16日,多云/多云,23℃,12℃,无持续风向<3级,无持续风向<3级,,,23℃
2018年1月17日,多云/多云,24℃,14℃,无持续风向<3级,无持续风向<3级,,,24℃
2018年1月18日,多云/小雨,25℃,13℃,无持续风向<3级,无持续风向<3级,,,25℃
2018年1月19日,多云/多云,24℃,17℃,无持续风向<3级,无持续风向<3级,,,24℃
2018年1月20日,阴/阴,22℃,16℃,无持续风向<3级,无持续风向<3级,,,22℃
2018年1月21日,阴/阴,21℃,18℃,微风<3级,微风<3级,,,21℃
2018年1月22日,阴/阴,23℃,19℃,微风<3级,微风<3级,,,23℃
2018年1月23日,阴/阴,24℃,15℃,无持续风向<3级,无持续风向<3级,,,24℃
2018年1月24日,阴/阴,23℃,17℃,微风<3级,微风<3级,,,23℃
2018年1月25日,多云/阴,22℃,13℃,无持续风向<3级,无持续风向<3级,,,22℃
2018年1月26日,多云/局部多云,19℃,12℃,北风3,北风3,,,19℃
2018年1月27日,阴/阵雨,16℃,8℃,东北风3～4级,北风3～4级,,,16℃
2018年1月28日,小雨/小雨,10℃,5℃,北风3～4级,北风3～4级,,,10℃
2018年1月29日,小雨/小雨,8℃,6℃,无持续风向<3级,无持续风向<3级,,,8℃
2018年1月30日,小雨/小雨,7℃,5℃,无持续风向<3级,无持续风向<3级,,,7℃
2018年1月31日,小雨/多云,8℃,4℃,北风3～4级,无持续风向<3级,,,8℃
2018年2月1日,晴/晴,14℃,5℃,无持续风向<3级,无持续风向<3级,,,14℃
2018年2月2日,晴/晴,11℃,4℃,北风3～4级,微风<3级,,,11℃
2018年2月3日,多云/多云,13℃,4℃,北风3～4级,无持续风向<3级,,,13℃
2018年2月4日,多云/多云,14℃,4℃,北风4～5级,北风4～5级,,,14℃
2018年2月5日,多云/晴,12℃,4℃,无持续风向<3级,无持续风向<3级,,,12℃
2018年2月6日,晴/晴,14℃,5℃,无持续风向<3级,无持续风向<3级,,,14℃
2018年2月7日,阴/多云,16℃,8℃,无持续风向<3级,无持续风向<3级,,,16℃
2018年2月8日,多云/多云,16℃,10℃,微风<3级,微风<3级,,,16℃
2018年2月9日,阴/阴,17℃,11℃,无持续风向<3级,无持续风向<3级,,,17℃
2018年2月10日,阴/阴,20℃,9℃,无持续风向<3级,北风3～4级,,,20℃
2018年2月11日,阴/多云,16℃,9℃,无持续风向<3级,无持续风向<3级,,,16℃
2018年2月12日,晴/晴,17℃,8℃,无持续风向<3级,无持续风向<3级,,,17℃
2018年2月13日,晴/多云,20℃,9℃,无持续风向<3级,无持续风向<3级,,,20℃
2018年2月14日,多云/多云,22℃,10℃,无持续风向<3级,无持续风向<3级,,,22℃
2018年2月15日,多云/多云,24℃,15℃,无持续风向<3级,无持续风向<3级,,,24℃
2018年2月16日,多云/多云,25℃,16℃,无持续风向<3级,无持续风向<3级,,,25℃
2018年2月17日,阴/阴,25℃,17℃,微风<3级,微风<3级,,,25℃
2018年2月18日,阴/阵雨,22℃,18℃,微风<3级,微风<3级,,,22℃
2018年2月19日,阴/阴,25℃,19℃,微风<3级,微风<3级,,,25℃
2018年2月20日,多云/阴,27℃,16℃,无持续风向<3级,无持续风向<3级,,,27℃
2018年2月21日,阴/小雨,18℃,13℃,北风3～4级,北风3～4级,,,18℃
2018年2月22日,小雨/阴,16℃,10℃,无持续风向<3级,微风<3级,,,16℃
2018年2月23日,阴/阵雨,17℃,15℃,无持续风向<3级,无持续风向<3级,,,17℃
2018年2月24日,阴/小雨,18℃,15℃,无持续风向<3级,无持续风向<3级,,,18℃
2018年2月25日,小雨/阴,17℃,12℃,无持续风向<3级,无持续风向<3级,,,17℃
2018年2月26日,多云/多云,21℃,15℃,无持续风向<3级,无持续风向<3级,,,21℃
2018年2月27日,多云/小雨,23℃,17℃,微风<3级,微风<3级,,,23℃
2018年2月28日,多云/多云,26℃,19℃,无持续风向<3级,无持续风向<3级,,,26℃
2018年3月1日,多云/雾,29℃,20℃,南风3～4级,无持续风向<3级,,,29℃
2018年3月2日,多云/多云,28℃,21℃,无持续风向<3级,无持续风向<3级,,,28℃
2018年3月3日,多云/多云,27℃,22℃,无持续风向<3级,无持续风向<3级,,,27℃
2018年3月4日,雷阵雨/雷阵雨,28℃,21℃,南风4～5级,无持续风向<3级,,,28℃
2018年3月5日,雷阵雨/雷阵雨,28℃,18℃,无持续风向<3级,无持续风向<3级,,,28℃
2018年3月6日,阴/阴,25℃,17℃,无持续风向<3级,无持续风向<3级,,,25℃
2018年3月7日,雷阵雨/小雨-中雨,24℃,11℃,无持续风向<3级,北风3～4级,,,24℃
2018年3月8日,雷阵雨/多云,14℃,10℃,北风3～4级,无持续风向<3级,,,14℃
2018年3月9日,晴/晴,19℃,9℃,微风<3级,微风<3级,,,19℃
2018年3月10日,晴/晴,22℃,13℃,东北偏东风2,东北偏东风2,,,22℃
2018年3月11日,多云/多云,23℃,13℃,无持续风向<3级,无持续风向<3级,,,23℃
2018年3月12日,多云/多云,25℃,15℃,微风<3级,微风<3级,,,25℃
2018年3月13日,小雨/小雨,26℃,16℃,无持续风向<3级,无持续风向<3级,,,26℃
2018年3月14日,雷阵雨/雷阵雨,25℃,17℃,微风<3级,微风<3级,,,25℃
2018年3月15日,雷阵雨/雷阵雨,25℃,18℃,无持续风向<3级,无持续风向<3级,,,25℃
2018年3月16日,多云/阴,27℃,19℃,无持续风向<3级,无持续风向<3级,,,27℃
2018年3月17日,雾/雾,27℃,19℃,无持续风向<3级,无持续风向<3级,,,27℃
2018年3月18日,阴/阴,25℃,19℃,无持续风向<3级,无持续风向<3级,,,25℃
2018年3月19日,中雨/大雨,24℃,15℃,微风<3级,北风3～4级,,,24℃
2018年3月20日,多云/多云,22℃,10℃,北风3～4级,无持续风向<3级,,,22℃
2018年3月21日,晴/晴,21℃,11℃,无持续风向<3级,无持续风向<3级,,,21℃
2018年3月22日,晴/晴,23℃,14℃,无持续风向<3级,无持续风向<3级,,,23℃
2018年3月23日,多云/多云,25℃,15℃,无持续风向<3级,无持续风向<3级,,,25℃
2018年3月24日,多云/阴,26℃,18℃,无持续风向<3级,无持续风向<3级,,,26℃
2018年3月25日,阵雨/多云,25℃,18℃,无持续风向<3级,无持续风向<3级,,,25℃
2018年3月26日,多云/多云,25℃,18℃,无持续风向<3级,无持续风向<3级,,,25℃
2018年3月27日,多云/多云,27℃,19℃,无持续风向<3级,无持续风向<3级,,,27℃
2018年3月28日,多云/多云,28℃,19℃,无持续风向<3级,无持续风向<3级,,,28℃
2018年3月29日,阴/多云,27℃,20℃,无持续风向<3级,无持续风向<3级,,,27℃
2018年3月30日,多云/多云,28℃,20℃,无持续风向<3级,无持续风向<3级,,,28℃
2018年3月31日,多云/多云,28℃,19℃,无持续风向<3级,无持续风向<3级,,,28℃
2018年4月1日,晴/多云,30℃,21℃,无持续风向<3级,无持续风向<3级,,,30℃
2018年4月2日,多云/多云,30℃,21℃,无持续风向<3级,无持续风向<3级,,,30℃
2018年4月3日,多云/多云,31℃,21℃,无持续风向<3级,无持续风向<3级,,,31℃
2018年4月4日,多云/多云,30℃,21℃,无持续风向<3级,无持续风向<3级,,,30℃
2018年4月5日,多云/阵雨,29℃,20℃,无持续风向<3级,无持续风向<3级,,,29℃
2018年4月6日,小雨/阴,21℃,14℃,北风3～4级,北风3～4级,,,21℃
2018年4月7日,阴/多云,19℃,12℃,无持续风向<3级,无持续风向<3级,,,19℃
2018年4月8日,多云/多云,25℃,14℃,无持续风向<3级,无持续风向<3级,,,25℃
2018年4月9日,多云/多云,26℃,18℃,无持续风向<3级,无持续风向<3级,,,26℃
2018年4月10日,多云/多云,28℃,20℃,无持续风向<3级,无持续风向<3级,,,28℃
2018年4月11日,多云/多云,30℃,21℃,无持续风向<3级,无持续风向<3级,,,30℃
2018年4月12日,多云/多云,30℃,23℃,微风<3级,微风<3级,,,30℃
2018年4月13日,阵雨/阴,30℃,25℃,南风3～4级,无持续风向<3级,,,30℃
2018年4月14日,中雨/小雨,30℃,18℃,北风3～4级,微风<3级,,,30℃
2018年4月15日,小雨-中雨/阵雨,17℃,15℃,无持续风向<3级,无持续风向<3级,,,17℃
2018年4月16日,中雨/阵雨,17℃,15℃,无持续风向<3级,无持续风向<3级,,,17℃
2018年4月17日,阴/多云,22℃,18℃,微风<3级,微风<3级,,,22℃
2018年4月18日,多云/多云,26℃,19℃,无持续风向<3级,无持续风向<3级,,,26℃
2018年4月19日,阴/多云,27℃,20℃,无持续风向<3级,无持续风向<3级,,,27℃
2018年4月20日,小雨-中雨/雷阵雨,27℃,22℃,南风3～4级,无持续风向<3级,,,27℃
2018年4月21日,雷阵雨/阴,28℃,22℃,南风3～4级,无持续风向<3级,,,28℃
2018年4月22日,多云/阴,29℃,23℃,无持续风向<3级,无持续风向<3级,,,29℃
2018年4月23日,小雨-中雨/中雨,29℃,22℃,无持续风向<3级,无持续风向<3级,,,29℃
2018年4月24日,阴/阴,25℃,20℃,无持续风向<3级,无持续风向<3级,,,25℃
2018年4月25日,阴/阴,26℃,21℃,无持续风向<3级,无持续风向<3级,,,26℃
2018年4月26日,小雨-中雨/雷阵雨,27℃,22℃,无持续风向<3级,无持续风向<3级,,,27℃
2018年4月27日,阴/阵雨,26℃,22℃,无持续风向<3级,无持续风向<3级,,,26℃
2018年4月28日,阵雨/阵雨,26℃,22℃,微风<3级,微风<3级,,,26℃
2018年4月29日,阵雨/阴,28℃,23℃,微风<3级,微风<3级,,,28℃
2018年4月30日,阵雨/阵雨,29℃,25℃,无持续风向<3级,无持续风向<3级,,,29℃
2018年5月1日,雷阵雨/雷阵雨,31℃,24℃,无持续风向<3级,无持续风向<3级,,,31℃
2018年5月2日,雷阵雨/雷阵雨,31℃,23℃,无持续风向<3级,无持续风向<3级,,,31℃
2018年5月3日,阵雨/阵雨,31℃,22℃,无持续风向<3级,无持续风向<3级,,,31℃
2018年5月4日,小雨-中雨/雷阵雨,28℃,22℃,无持续风向<3级,无持续风向<3级,,,28℃
2018年5月5日,多云/阴,30℃,24℃,无持续风向<3级,无持续风向<3级,,,30℃
2018年5月6日,小雨-中雨/雷阵雨,30℃,24℃,无持续风向<3级,无持续风向<3级,,,30℃
2018年5月7日,中雨-大雨/中雨-大雨,29℃,22℃,无持续风向<3级,无持续风向<3级,,,29℃
2018年5月8日,雷阵雨/大雨,26℃,23℃,无持续风向<3级,无持续风向<3级,,,26℃
2018年5月9日,中雨-大雨/中雨,27℃,22℃,无持续风向<3级,无持续风向<3级,,,27℃
2018年5月10日,阵雨/阵雨,24℃,21℃,无持续风向<3级,无持续风向<3级,,,24℃
2018年5月11日,小雨-中雨/阵雨,27℃,23℃,无持续风向<3级,无持续风向<3级,,,27℃
2018年5月12日,阴/阴,29℃,24℃,无持续风向<3级,无持续风向<3级,,,29℃
2018年5月13日,阵雨/多云,33℃,24℃,无持续风向<3级,无持续风向<3级,,,33℃
2018年5月14日,雷阵雨/多云,33℃,24℃,无持续风向<3级,无持续风向<3级,,,33℃
2018年5月15日,多云/多云,35℃,26℃,无持续风向<3级,无持续风向<3级,,,35℃
2018年5月16日,多云/多云,34℃,26℃,无持续风向<3级,无持续风向<3级,,,34℃
2018年5月17日,多云/多云,34℃,26℃,微风<3级,微风<3级,,,34℃
2018年5月18日,多云/多云,34℃,27℃,无持续风向<3级,无持续风向<3级,,,34℃
2018年5月19日,多云/多云,34℃,27℃,无持续风向<3级,无持续风向<3级,,,34℃
2018年5月20日,阵雨/多云,34℃,26℃,微风<3级,微风<3级,,,34℃
2018年5月21日,阵雨/多云,33℃,26℃,微风<3级,微风<3级,,,33℃
2018年5月22日,阵雨/多云,33℃,26℃,微风<3级,微风<3级,,,33℃
2018年5月23日,多云/多云,34℃,26℃,无持续风向微风,无持续风向微风,,,34℃
2018年5月24日,多云/多云,36℃,27℃,无持续风向1-2级,无持续风向1-2级,,,36℃
2018年5月25日,多云/多云,35℃,27℃,无持续风向1-2级,无持续风向1-2级,,,35℃
2018年5月26日,阵雨/多云,35℃,28℃,无持续风向1-2级,无持续风向1-2级,,,35℃
2018年5月27日,晴间多云/多云,35℃,27℃,无持续风向1-2级,无持续风向1-2级,,,35℃
2018年5月28日,雷阵雨/多云,35℃,26℃,无持续风向<3级,无持续风向<3级,,,35℃
2018年5月29日,多云/多云,35℃,27℃,无持续风向<3级,无持续风向<3级,,,35℃
2018年5月30日,多云/多云,35℃,27℃,无持续风向<3级,无持续风向<3级,,,35℃
2018年5月31日,雷阵雨/多云,36℃,27℃,无持续风向1-2级,无持续风向1-2级,,,36℃
2018年6月1日,雷阵雨/阵雨,34℃,26℃,微风<3级,微风<3级,,,34℃
2018年6月2日,中雨/中雨,32℃,25℃,微风<3级,微风<3级,,,32℃
2018年6月3日,阵雨/阵雨,31℃,25℃,微风<3级,微风<3级,,,31℃
2018年6月4日,阵雨/阵雨,33℃,26℃,无持续风向1-2级,无持续风向1-2级,,,33℃
2018年6月5日,中雨/雷阵雨,31℃,25℃,无持续风向1-2级,无持续风向1-2级,,,31℃
2018年6月6日,大雨/大雨,27℃,25℃,无持续风向1-2级,无持续风向1-2级,,,27℃
2018年6月7日,暴雨/暴雨,28℃,24℃,东风3-4级,东风3-4级,,,28℃
2018年6月8日,大雨/大雨,27℃,24℃,东南风4-5级,东南风4-5级,,,27℃
2018年6月9日,多云/多云,31℃,25℃,无持续风向1-2级,无持续风向1-2级,,,31℃
2018年6月10日,晴/多云,35℃,26℃,无持续风向1-2级,无持续风向1-2级,,,35℃
2018年6月11日,晴/多云,35℃,26℃,无持续风向1-2级,无持续风向1-2级,,,35℃
2018年6月12日,大雨/暴雨,30℃,25℃,无持续风向<3级,无持续风向<3级,,,30℃
2018年6月13日,中雨/阵雨,29℃,25℃,无持续风向<3级,无持续风向<3级,,,29℃
2018年6月14日,多云/多云,31℃,25℃,无持续风向<3级,无持续风向<3级,,,31℃
2018年6月15日,多云/多云,32℃,24℃,无持续风向<3级,无持续风向<3级,,,32℃
2018年6月16日,阴/阵雨,29℃,25℃,无持续风向1-2级,无持续风向1-2级,,,29℃
2018年6月17日,多云/阵雨,32℃,25℃,无持续风向<3级,无持续风向<3级,,,32℃
2018年6月18日,雷阵雨/多云,33℃,27℃,无持续风向<3级,无持续风向<3级,,,33℃
2018年6月19日,阵雨/多云,34℃,27℃,无持续风向1-2级,无持续风向1-2级,,,34℃
2018年6月20日,雷阵雨/多云,34℃,28℃,微风<3级,微风<3级,,,34℃
2018年6月21日,雷阵雨/雷阵雨,33℃,28℃,无持续风向<3级,无持续风向<3级,,,33℃
2018年6月22日,中雨/雷阵雨,32℃,26℃,无持续风向<3级,无持续风向<3级,,,32℃
2018年6月23日,大雨/雷阵雨,31℃,25℃,无持续风向<3级,无持续风向<3级,,,31℃
2018年6月24日,阵雨/阵雨,32℃,26℃,无持续风向1-2级,无持续风向1-2级,,,32℃
2018年6月25日,中雨/阵雨,33℃,26℃,无持续风向1-2级,无持续风向1-2级,,,33℃
2018年6月26日,雷阵雨/多云,33℃,26℃,无持续风向1-2级,无持续风向1-2级,,,33℃
2018年6月27日,多云/多云,33℃,26℃,无持续风向1-2级,无持续风向1-2级,,,33℃
2018年6月28日,多云/多云,35℃,27℃,无持续风向<3级,无持续风向<3级,,,35℃
2018年6月29日,多云/多云,35℃,27℃,无持续风向<3级,无持续风向<3级,,,35℃
2018年6月30日,阵雨/多云,35℃,27℃,无持续风向<3级,无持续风向<3级,,,35℃
2018年7月1日,雷阵雨/雷阵雨,34℃,28℃,无持续风向1-2级,无持续风向1-2级,,,34℃
2018年7月2日,阵雨/多云,35℃,27℃,无持续风向<3级,无持续风向<3级,,,35℃
2018年7月3日,雷阵雨/雷阵雨,34℃,27℃,无持续风向1-2级,无持续风向1-2级,,,34℃
2018年7月4日,多云/多云,34℃,28℃,无持续风向<3级,无持续风向<3级,,,34℃
2018年7月5日,阵雨/多云,35℃,28℃,无持续风向1-2级,无持续风向1-2级,,,35℃
2018年7月6日,雷阵雨/多云,35℃,28℃,无持续风向<3级,无持续风向<3级,,,35℃
2018年7月7日,雷阵雨/阵雨,33℃,27℃,无持续风向1-2级,无持续风向1-2级,,,33℃
2018年7月8日,雷阵雨/雷阵雨,32℃,26℃,无持续风向1-2级,无持续风向1-2级,,,32℃
2018年7月9日,阵雨/多云,34℃,26℃,无持续风向<3级,无持续风向<3级,,,34℃
2018年7月10日,多云/多云,35℃,27℃,无持续风向<3级,无持续风向<3级,,,35℃
2018年7月11日,晴/多云,36℃,28℃,无持续风向<3级,无持续风向<3级,,,36℃
2018年7月12日,阵雨/雷阵雨,34℃,26℃,无持续风向<3级,无持续风向<3级,,,34℃
2018年7月13日,中雨/中雨,30℃,25℃,无持续风向1-2级,无持续风向1-2级,,,30℃
2018年7月14日,大雨/阵雨,29℃,25℃,无持续风向1-2级,无持续风向1-2级,,,29℃
2018年7月15日,中雨-大雨/阵雨,29℃,25℃,东风3～4级,无持续风向<3级,,,29℃
2018年7月16日,阴/多云,32℃,27℃,无持续风向<3级,无持续风向<3级,,,32℃
2018年7月17日,晴/多云,35℃,27℃,无持续风向1-2级,无持续风向1-2级,,,35℃
2018年7月18日,阵雨/多云,33℃,26℃,无持续风向<3级,无持续风向<3级,,,33℃
2018年7月19日,阵雨/多云,35℃,27℃,无持续风向1-2级,无持续风向1-2级,,,35℃
2018年7月20日,多云/多云,35℃,27℃,无持续风向<3级,无持续风向<3级,,,35℃
2018年7月21日,多云/多云,35℃,27℃,无持续风向1-2级,无持续风向1-2级,,,35℃
2018年7月22日,雷阵雨/阵雨,35℃,26℃,无持续风向1-2级,无持续风向1-2级,,,35℃
2018年7月23日,大雨/大雨,31℃,26℃,无持续风向<3级,东南风3～4级,,,31℃
2018年7月24日,暴雨/阵雨,28℃,25℃,无持续风向1-2级,无持续风向1-2级,,,28℃
2018年7月25日,阵雨/阵雨,33℃,26℃,无持续风向1-2级,无持续风向1-2级,,,33℃
2018年7月26日,雷阵雨/阵雨,33℃,26℃,无持续风向<3级,无持续风向<3级,,,33℃
2018年7月27日,雷阵雨/多云,33℃,26℃,无持续风向1-2级,无持续风向1-2级,,,33℃
2018年7月28日,雷阵雨/多云,35℃,26℃,无持续风向1-2级,无持续风向1-2级,,,35℃
2018年7月29日,阵雨/多云,35℃,27℃,无持续风向<3级,无持续风向<3级,,,35℃
2018年7月30日,雷阵雨/多云,35℃,26℃,无持续风向1-2级,无持续风向1-2级,,,35℃
2018年7月31日,雷阵雨/多云,33℃,26℃,无持续风向<3级,无持续风向<3级,,,33℃
2018年8月1日,雷阵雨/多云,34℃,26℃,无持续风向<3级,无持续风向<3级,,,34℃
2018年8月2日,雷阵雨/多云,34℃,27℃,无持续风向1-2级,无持续风向1-2级,,,34℃
2018年8月3日,雷阵雨/阵雨,34℃,27℃,无持续风向<3级,无持续风向<3级,,,34℃
2018年8月4日,阵雨/多云,35℃,27℃,无持续风向1-2级,无持续风向1-2级,,,35℃
2018年8月5日,多云/多云,35℃,27℃,无持续风向1-2级,无持续风向1-2级,,,35℃
2018年8月6日,多云/多云,34℃,26℃,无持续风向<3级,无持续风向<3级,,,34℃
2018年8月7日,雷阵雨/多云,35℃,27℃,无持续风向1-2级,无持续风向1-2级,,,35℃
2018年8月8日,雷阵雨/多云,35℃,27℃,无持续风向1-2级,无持续风向1-2级,,,35℃
2018年8月9日,雷阵雨/雷阵雨,35℃,26℃,无持续风向<3级,无持续风向<3级,,,35℃
2018年8月10日,中雨/中雨,32℃,27℃,无持续风向<3级,无持续风向<3级,,,32℃
2018年8月11日,大雨/暴雨,29℃,25℃,无持续风向1-2级,无持续风向1-2级,,,29℃
2018年8月12日,大雨/阴,30℃,25℃,无持续风向<3级,无持续风向<3级,,,30℃
2018年8月13日,阵雨/中雨,33℃,26℃,无持续风向1-2级,无持续风向1-2级,,,33℃
2018年8月14日,雷阵雨/大雨,35℃,26℃,无持续风向1-2级,无持续风向1-2级,,,35℃
2018年8月15日,中雨-大雨/阵雨,32℃,26℃,东风3～4级,无持续风向<3级,,,32℃
2018年8月16日,中雨/阵雨,32℃,26℃,无持续风向1-2级,无持续风向1-2级,,,32℃
2018年8月17日,中雨/中雨,32℃,26℃,无持续风向1-2级,无持续风向1-2级,,,32℃
2018年8月18日,雷阵雨/阵雨,33℃,27℃,微风<3级,微风<3级,,,33℃
2018年8月19日,雷阵雨/阵雨,34℃,27℃,无持续风向1-2级,无持续风向1-2级,,,34℃
2018年8月20日,雷阵雨/多云,34℃,27℃,微风<3级,微风<3级,,,34℃
2018年8月21日,雷阵雨/阵雨,34℃,26℃,无持续风向1-2级,无持续风向1-2级,,,34℃
2018年8月22日,雷阵雨/阵雨,34℃,26℃,无持续风向1-2级,无持续风向1-2级,,,34℃
2018年8月23日,雷阵雨/阵雨,33℃,26℃,无持续风向1-2级,无持续风向1-2级,,,33℃
2018年8月24日,雷阵雨/多云,35℃,27℃,无持续风向1-2级,无持续风向1-2级,,,35℃
2018年8月25日,雷阵雨/多云,35℃,27℃,无持续风向<3级,无持续风向<3级,,,35℃
2018年8月26日,阵雨/多云,35℃,27℃,无持续风向1-2级,无持续风向1-2级,,,35℃
2018年8月27日,雷阵雨/中雨,31℃,25℃,无持续风向1-2级,无持续风向1-2级,,,31℃
2018年8月28日,中雨/大雨,28℃,25℃,无持续风向1-2级,无持续风向1-2级,,,28℃
2018年8月29日,大雨/暴雨,31℃,25℃,无持续风向1-2级,无持续风向1-2级,,,31℃
2018年8月30日,大雨/阵雨,28℃,25℃,无持续风向1-2级,无持续风向1-2级,,,28℃
2018年8月31日,阵雨/阵雨,31℃,26℃,无持续风向1-2级,无持续风向1-2级,,,31℃
2018年9月1日,大雨/阵雨,29℃,24℃,无持续风向1-2级,无持续风向1-2级,,,29℃
2018年9月2日,雷阵雨/阵雨,31℃,26℃,无持续风向1-2级,无持续风向1-2级,,,31℃
2018年9月3日,阵雨/多云,33℃,25℃,无持续风向1-2级,无持续风向1-2级,,,33℃
2018年9月4日,晴/多云,34℃,26℃,无持续风向1-2级,无持续风向1-2级,,,34℃
2018年9月5日,晴/晴,35℃,26℃,无持续风向1-2级,无持续风向1-2级,,,35℃
2018年9月6日,阵雨/多云,34℃,25℃,无持续风向1-2级,无持续风向1-2级,,,34℃
2018年9月7日,大雨/中雨,31℃,24℃,无持续风向1-2级,无持续风向1-2级,,,31℃
2018年9月8日,多云/多云,30℃,24℃,无持续风向1-2级,无持续风向1-2级,,,30℃
2018年9月9日,晴/多云,31℃,24℃,无持续风向1-2级,无持续风向1-2级,,,31℃
2018年9月10日,多云/多云,33℃,25℃,无持续风向1-2级,无持续风向1-2级,,,33℃
2018年9月11日,多云/多云,33℃,24℃,无持续风向1-2级,无持续风向1-2级,,,33℃
2018年9月12日,多云/多云,32℃,25℃,无持续风向1-2级,无持续风向1-2级,,,32℃
2018年9月13日,阵雨/多云,33℃,25℃,无持续风向1-2级,无持续风向1-2级,,,33℃
2018年9月14日,多云/多云,35℃,27℃,无持续风向1-2级,无持续风向1-2级,,,35℃
2018年9月15日,晴/多云,36℃,27℃,东北风3-4级,东北风3-4级,,,36℃
2018年9月16日,暴雨/大雨,30℃,25℃,东风8-9级,东风8-9级,,,30℃
2018年9月17日,大雨/阵雨,29℃,25℃,东南风3-4级,东南风3-4级,,,29℃
2018年9月18日,雷阵雨/多云,31℃,26℃,无持续风向1-2级,无持续风向1-2级,,,31℃
2018年9月19日,多云/多云,35℃,26℃,无持续风向1-2级,无持续风向1-2级,,,35℃
2018年9月20日,多云/多云,34℃,26℃,无持续风向1-2级,无持续风向1-2级,,,34℃
2018年9月21日,阴/阴,34℃,26℃,无持续风向1-2级,无持续风向1-2级,,,34℃
2018年9月22日,阵雨/雷阵雨,32℃,25℃,无持续风向1-2级,无持续风向1-2级,,,32℃
2018年9月23日,雷阵雨/阵雨,32℃,24℃,无持续风向1-2级,无持续风向1-2级,,,32℃
2018年9月24日,阵雨/多云,31℃,25℃,无持续风向1-2级,无持续风向1-2级,,,31℃
2018年9月25日,雷阵雨/多云,31℃,25℃,无持续风向1-2级,无持续风向1-2级,,,31℃
2018年9月26日,阴/多云,31℃,24℃,无持续风向1-2级,无持续风向1-2级,,,31℃
2018年9月27日,雷阵雨/多云,32℃,24℃,无持续风向1-2级,无持续风向1-2级,,,32℃
2018年9月28日,多云/多云,31℃,23℃,无持续风向1-2级,无持续风向1-2级,,,31℃
2018年9月29日,晴/晴,31℃,22℃,无持续风向1-2级,无持续风向1-2级,,,31℃
2018年9月30日,晴/晴,31℃,22℃,无持续风向1-2级,无持续风向1-2级,,,31℃
2018年10月1日,晴/晴,30℃,21℃,无持续风向1-2级,无持续风向1-2级,,,30℃
2018年10月2日,晴/晴,31℃,21℃,无持续风向1-2级,无持续风向1-2级,,,31℃
2018年10月3日,晴/晴,31℃,21℃,无持续风向1-2级,无持续风向1-2级,,,31℃
2018年10月4日,晴/晴,30℃,21℃,无持续风向1-2级,无持续风向1-2级,,,30℃
2018年10月5日,晴/晴,31℃,21℃,无持续风向1-2级,无持续风向1-2级,,,31℃
2018年10月6日,晴/晴,30℃,20℃,无持续风向1-2级,无持续风向1-2级,,,30℃
2018年10月7日,晴/晴,31℃,22℃,无持续风向1-2级,无持续风向1-2级,,,31℃
2018年10月8日,晴/多云,31℃,23℃,无持续风向1-2级,无持续风向1-2级,,,31℃
2018年10月9日,多云/多云,31℃,22℃,无持续风向1-2级,无持续风向1-2级,,,31℃
2018年10月10日,阵雨/阵雨,25℃,20℃,无持续风向1-2级,无持续风向1-2级,,,25℃
2018年10月11日,多云/多云,26℃,18℃,无持续风向1-2级,无持续风向1-2级,,,26℃
2018年10月12日,多云/多云,27℃,20℃,无持续风向1-2级,无持续风向1-2级,,,27℃
2018年10月13日,小雨/阴,27℃,20℃,无持续风向1-2级,无持续风向1-2级,,,27℃
2018年10月14日,多云/多云,28℃,23℃,无持续风向1-2级,无持续风向1-2级,,,28℃
2018年10月15日,阵雨/中雨,25℃,20℃,无持续风向1-2级,无持续风向1-2级,,,25℃
2018年10月16日,阵雨/阵雨,26℃,19℃,无持续风向1-2级,无持续风向1-2级,,,26℃
2018年10月17日,大雨/小雨,22℃,18℃,无持续风向1-2级,无持续风向1-2级,,,22℃
2018年10月18日,阴/阴,25℃,20℃,无持续风向1-2级,无持续风向1-2级,,,25℃
2018年10月19日,阴/多云,26℃,21℃,无持续风向1-2级,无持续风向1-2级,,,26℃
2018年10月20日,阴/多云,27℃,21℃,无持续风向1-2级,无持续风向1-2级,,,27℃
2018年10月21日,多云/多云,29℃,22℃,无持续风向1-2级,无持续风向1-2级,,,29℃
2018年10月22日,阵雨/多云,28℃,22℃,无持续风向1-2级,无持续风向1-2级,,,28℃
2018年10月23日,阵雨/阴,23℃,19℃,无持续风向1-2级,无持续风向1-2级,,,23℃
2018年10月24日,阴/多云,25℃,20℃,无持续风向1-2级,无持续风向1-2级,,,25℃
2018年10月25日,多云/多云,26℃,21℃,无持续风向1-2级,无持续风向1-2级,,,26℃
2018年10月26日,小雨/阴,24℃,19℃,无持续风向1-2级,无持续风向1-2级,,,24℃
2018年10月27日,晴/晴,25℃,18℃,无持续风向1-2级,无持续风向1-2级,,,25℃
2018年10月28日,晴/晴,26℃,16℃,无持续风向1-2级,无持续风向1-2级,,,26℃
2018年10月29日,晴/晴,28℃,17℃,无持续风向1-2级,无持续风向1-2级,,,28℃
2018年10月30日,晴/晴,29℃,19℃,无持续风向1-2级,无持续风向1-2级,,,29℃
2018年10月31日,多云/阴,28℃,20℃,北风3-4级,北风3-4级,,,28℃
2018年11月1日,阵雨/阵雨,26℃,19℃,北风4-5级,北风4-5级,,,26℃
2018年11月2日,阴/多云,27℃,19℃,北风3-4级,北风3-4级,,,27℃
2018年11月3日,阵雨/多云,26℃,19℃,无持续风向1-2级,无持续风向1-2级,,,26℃
2018年11月4日,小雨/阴,25℃,19℃,无持续风向1-2级,无持续风向1-2级,,,25℃
2018年11月5日,多云/多云,26℃,20℃,无持续风向1-2级,无持续风向1-2级,,,26℃
2018年11月6日,多云/多云,29℃,21℃,无持续风向1-2级,无持续风向1-2级,,,29℃
2018年11月7日,多云/阴,27℃,19℃,无持续风向1-2级,无持续风向1-2级,,,27℃
2018年11月8日,多云/多云,26℃,18℃,无持续风向1-2级,无持续风向1-2级,,,26℃
2018年11月9日,多云/阴,26℃,18℃,无持续风向1-2级,无持续风向1-2级,,,26℃
2018年11月10日,阵雨/多云,26℃,19℃,无持续风向1-2级,无持续风向1-2级,,,26℃
2018年11月11日,多云/多云,28℃,21℃,无持续风向1-2级,无持续风向1-2级,,,28℃
2018年11月12日,阴/多云,27℃,20℃,无持续风向1-2级,无持续风向1-2级,,,27℃
2018年11月13日,多云/多云,28℃,20℃,无持续风向1-2级,无持续风向1-2级,,,28℃
2018年11月14日,多云/阴,27℃,20℃,无持续风向1-2级,无持续风向1-2级,,,27℃
2018年11月15日,小雨/小雨,26℃,22℃,无持续风向1-2级,无持续风向1-2级,,,26℃
2018年11月16日,小雨/小雨,25℃,19℃,无持续风向1-2级,无持续风向1-2级,,,25℃
2018年11月17日,阴/阴,22℃,18℃,无持续风向1-2级,无持续风向1-2级,,,22℃
2018年11月18日,阴/小雨,24℃,16℃,无持续风向1-2级,无持续风向1-2级,,,24℃
2018年11月19日,阵雨/阴,21℃,15℃,无持续风向1-2级,无持续风向1-2级,,,21℃
2018年11月20日,阴/阴,24℃,19℃,无持续风向1-2级,无持续风向1-2级,,,24℃
2018年11月21日,中雨/中雨,22℃,14℃,无持续风向1-2级,无持续风向1-2级,,,22℃
2018年11月22日,晴/晴,21℃,12℃,北风3-4级,北风3-4级,,,21℃
2018年11月23日,晴/多云,22℃,14℃,无持续风向1-2级,无持续风向1-2级,,,22℃
2018年11月24日,晴/晴,23℃,15℃,无持续风向1-2级,无持续风向1-2级,,,23℃
2018年11月25日,阴/阴,23℃,16℃,无持续风向1-2级,无持续风向1-2级,,,23℃
2018年11月26日,阵雨/多云,24℃,15℃,无持续风向1-2级,无持续风向1-2级,,,24℃
2018年11月27日,多云/阴,24℃,17℃,无持续风向1-2级,无持续风向1-2级,,,24℃
2018年11月28日,阴/多云,23℃,14℃,无持续风向1-2级,无持续风向1-2级,,,23℃
2018年11月29日,晴/多云,24℃,15℃,无持续风向1-2级,无持续风向1-2级,,,24℃
2018年11月30日,多云/多云,26℃,17℃,无持续风向1-2级,无持续风向1-2级,,,26℃
2018年12月1日,小雨/阴,24℃,17℃,无持续风向1-2级,无持续风向1-2级,,,24℃
2018年12月2日,多云/多云,27℃,20℃,无持续风向1-2级,无持续风向1-2级,,,27℃
2018年12月3日,多云/阴,28℃,19℃,无持续风向1-2级,无持续风向1-2级,,,28℃
2018年12月4日,多云/多云,28℃,19℃,无持续风向1-2级,无持续风向1-2级,,,28℃
2018年12月5日,多云/阴,27℃,20℃,无持续风向1-2级,无持续风向1-2级,,,27℃
2018年12月6日,小雨/阴,26℃,14℃,无持续风向1-2级,无持续风向1-2级,,,26℃
2018年12月7日,阴/阴,16℃,12℃,北风3-4级,北风3-4级,,,16℃
2018年12月8日,阴/小雨,15℃,9℃,无持续风向1-2级,无持续风向1-2级,,,15℃
2018年12月9日,小到中雨/小雨,11℃,8℃,无持续风向1-2级,无持续风向1-2级,,,11℃
2018年12月10日,小雨/阴,13℃,10℃,无持续风向1-2级,无持续风向1-2级,,,13℃
2018年12月11日,小雨/小雨,15℃,8℃,北风3-4级,北风3-4级,,,15℃
2018年12月12日,小雨/小雨,10℃,7℃,北风3-4级,北风3-4级,,,10℃
2018年12月13日,阴/阴,13℃,9℃,无持续风向1-2级,无持续风向1-2级,,,13℃
2018年12月14日,多云/多云,15℃,10℃,无持续风向1-2级,无持续风向1-2级,,,15℃
2018年12月15日,多云/多云,19℃,12℃,无持续风向1-2级,无持续风向1-2级,,,19℃
2018年12月16日,阴/多云,19℃,12℃,无持续风向1-2级,无持续风向1-2级,,,19℃
2018年12月17日,晴/晴,20℃,10℃,无持续风向1-2级,无持续风向1-2级,,,20℃
2018年12月18日,晴/多云,21℃,10℃,无持续风向1-2级,无持续风向1-2级,,,21℃
2018年12月19日,多云/多云,22℃,15℃,无持续风向1-2级,无持续风向1-2级,,,22℃
2018年12月20日,阴/多云,25℃,19℃,无持续风向1-2级,无持续风向1-2级,,,25℃
2018年12月21日,多云/多云,26℃,17℃,无持续风向1-2级,无持续风向1-2级,,,26℃
2018年12月22日,多云/阴,27℃,18℃,无持续风向1-2级,无持续风向1-2级,,,27℃
2018年12月23日,阴/阴,21℃,14℃,北风3-4级,北风3-4级,,,21℃
2018年12月24日,小雨/小雨,16℃,13℃,无持续风向1-2级,无持续风向1-2级,,,16℃
2018年12月25日,阴/阴,19℃,14℃,无持续风向1-2级,无持续风向1-2级,,,19℃
2018年12月26日,多云/多云,23℃,14℃,无持续风向1-2级,无持续风向1-2级,,,23℃
2018年12月27日,阴/阴,18℃,13℃,无持续风向1-2级,无持续风向1-2级,,,18℃
2018年12月28日,阴/阴,18℃,8℃,北风3-4级,北风3-4级,,,18℃
2018年12月29日,阴/多云,11℃,5℃,北风3-4级,北风3-4级,,,11℃
2018年12月30日,阴/阴,10℃,5℃,北风3-4级,北风3-4级,,,10℃
2018年12月31日,阴/阴,10℃,4℃,北风3-4级,北风3-4级,,,10℃
2019年1月1日,阴/阴,12℃,7℃,无持续风向1-2级,无持续风向1-2级,,,12℃
2019年1月2日,小雨/小雨,11℃,6℃,无持续风向1-2级,无持续风向1-2级,,,11℃
2019年1月3日,多云/小雨,15℃,9℃,无持续风向1-2级,无持续风向1-2级,,,15℃
2019年1月4日,阴/小雨,17℃,12℃,无持续风向1-2级,无持续风向1-2级,,,17℃
2019年1月5日,阴/小雨,17℃,12℃,无持续风向1-2级,无持续风向1-2级,,,17℃
2019年1月6日,阴/阴,16℃,11℃,无持续风向1-2级,无持续风向1-2级,,,16℃
2019年1月7日,阴/阴,16℃,12℃,无持续风向1-2级,无持续风向1-2级,,,16℃
2019年1月8日,阴/阴,15℃,12℃,无持续风向1-2级,无持续风向1-2级,,,15℃
2019年1月9日,阴/小雨,18℃,11℃,无持续风向1-2级,无持续风向1-2级,,,18℃
2019年1月10日,阴/阴,17℃,13℃,无持续风向1-2级,无持续风向1-2级,,,17℃
2019年1月11日,阴/小雨,18℃,15℃,无持续风向1-2级,无持续风向1-2级,,,18℃
2019年1月12日,多云/阴,20℃,14℃,无持续风向1-2级,无持续风向1-2级,,,20℃
2019年1月13日,阴/阴,22℃,16℃,无持续风向1-2级,无持续风向1-2级,,,22℃
2019年1月14日,阴/阴,22℃,15℃,无持续风向1-2级,无持续风向1-2级,,,22℃
2019年1月15日,阴/阴,20℃,12℃,无持续风向1-2级,无持续风向1-2级,,,20℃
2019年1月16日,阴/阴,15℃,10℃,北风3-4级,北风3-4级,,,15℃
2019年1月17日,多云/多云,18℃,9℃,无持续风向1-2级,无持续风向1-2级,,,18℃
2019年1月18日,多云/阴,18℃,9℃,无持续风向1-2级,无持续风向1-2级,,,18℃
2019年1月19日,阴/阴,20℃,14℃,无持续风向1-2级,无持续风向1-2级,,,20℃
2019年1月20日,多云/阴,22℃,12℃,北风3-4级,北风3-4级,,,22℃
2019年1月21日,多云/多云,17℃,8℃,北风3-4级,北风3-4级,,,17℃
2019年1月22日,晴/晴,17℃,7℃,无持续风向1-2级,无持续风向1-2级,,,17℃
2019年1月23日,晴/晴,19℃,9℃,无持续风向1-2级,无持续风向1-2级,,,19℃
2019年1月24日,多云/多云,20℃,12℃,无持续风向1-2级,无持续风向1-2级,,,20℃
2019年1月25日,晴/晴,23℃,12℃,无持续风向1-2级,无持续风向1-2级,,,23℃
2019年1月26日,晴/晴,20℃,10℃,北风3-4级,北风3-4级,,,20℃
2019年1月27日,晴/多云,23℃,12℃,无持续风向1-2级,无持续风向1-2级,,,23℃
2019年1月28日,多云/晴,22℃,12℃,无持续风向1-2级,无持续风向1-2级,,,22℃
2019年1月29日,阴/阴,23℃,14℃,无持续风向1-2级,无持续风向1-2级,,,23℃
2019年1月30日,多云/阴,25℃,15℃,无持续风向1-2级,无持续风向1-2级,,,25℃
2019年1月31日,多云/多云,24℃,12℃,无持续风向1-2级,无持续风向1-2级,,,24℃
2019年2月1日,多云/阴,19℃,12℃,无持续风向1-2级,无持续风向1-2级,,,19℃
2019年2月2日,阴/多云,23℃,15℃,无持续风向1-2级,无持续风向1-2级,,,23℃
2019年2月3日,阴/多云,22℃,16℃,无持续风向1-2级,无持续风向1-2级,,,22℃
2019年2月4日,阴/阴,26℃,18℃,无持续风向1-2级,无持续风向1-2级,,,26℃
2019年2月5日,阴/阴,26℃,19℃,无持续风向1-2级,无持续风向1-2级,,,26℃
2019年2月6日,多云/阴,26℃,20℃,南风3-4级,南风3-4级,,,26℃
2019年2月7日,阴/多云,28℃,21℃,无持续风向1-2级,无持续风向1-2级,,,28℃
2019年2月8日,多云/多云,28℃,20℃,无持续风向1-2级,无持续风向1-2级,,,28℃
2019年2月9日,阴/阴,23℃,16℃,无持续风向1-2级,无持续风向1-2级,,,23℃
2019年2月10日,阴/阴,12℃,12℃,无持续风向1-2级,无持续风向1-2级,,,12℃
2019年2月11日,小雨/多云,13℃,8℃,无持续风向1-2级,无持续风向1-2级,,,13℃
2019年2月12日,多云/多云,20℃,11℃,无持续风向1-2级,无持续风向1-2级,,,20℃
2019年2月13日,阴/阴,24℃,18℃,无持续风向1-2级,无持续风向1-2级,,,24℃
2019年2月14日,阴/阴,24℃,17℃,无持续风向1-2级,无持续风向1-2级,,,24℃
2019年2月15日,阵雨/阵雨,25℃,17℃,无持续风向1-2级,无持续风向1-2级,,,25℃
2019年2月16日,阴/小雨,25℃,16℃,无持续风向1-2级,无持续风向1-2级,,,25℃
2019年2月17日,小雨/中雨,15℃,12℃,无持续风向1-2级,无持续风向1-2级,,,15℃
2019年2月18日,大雨/大雨,15℃,13℃,无持续风向1-2级,无持续风向1-2级,,,15℃
2019年2月19日,小雨/阴,20℃,16℃,无持续风向1-2级,无持续风向1-2级,,,20℃
2019年2月20日,阵雨/阵雨,24℃,18℃,无持续风向1-2级,无持续风向1-2级,,,24℃
2019年2月21日,大雨/小雨,24℃,15℃,南风1-2级,南风1-2级,,,24℃
2019年2月22日,阴/中雨,18℃,11℃,无持续风向1-2级,无持续风向1-2级,,,18℃
2019年2月23日,小雨/小雨,13℃,11℃,无持续风向1-2级,无持续风向1-2级,,,13℃
2019年2月24日,小雨/阴,13℃,9℃,无持续风向1-2级,无持续风向1-2级,,,13℃
2019年2月25日,小雨/阴,16℃,12℃,无持续风向1-2级,无持续风向1-2级,,,16℃
2019年2月26日,小雨/小雨,14℃,11℃,无持续风向1-2级,无持续风向1-2级,,,14℃
2019年2月27日,阴/阴,22℃,15℃,无持续风向1-2级,无持续风向1-2级,,,22℃
2019年2月28日,阴/阴,22℃,15℃,无持续风向1-2级,无持续风向1-2级,,,22℃
2019年3月1日,多云/多云,25℃,16℃,无持续风向1-2级,无持续风向1-2级,,,25℃
2019年3月2日,多云/中雨,26℃,15℃,无持续风向1-2级,无持续风向1-2级,,,26℃
2019年3月3日,小雨/多云,20℃,13℃,无持续风向1-2级,无持续风向1-2级,,,20℃
2019年3月4日,小雨/小雨,22℃,13℃,东南风1-2级,东南风1-2级,,,22℃
2019年3月5日,雷阵雨/中雨,23℃,15℃,南风3-4级,南风3-4级,,,23℃
2019年3月6日,中到大雨/中到大雨,19℃,14℃,无持续风向1-2级,无持续风向1-2级,,,19℃
2019年3月7日,大雨/中雨,16℃,13℃,无持续风向1-2级,无持续风向1-2级,,,16℃
2019年3月8日,阵雨/阵雨,16℃,13℃,无持续风向1-2级,无持续风向1-2级,,,16℃
2019年3月9日,小到中雨/小到中雨,17℃,13℃,无持续风向1-2级,无持续风向1-2级,,,17℃
2019年3月10日,阵雨/多云,17℃,12℃,无持续风向1-2级,无持续风向1-2级,,,17℃
2019年3月11日,多云/晴,22℃,14℃,无持续风向1-2级,无持续风向1-2级,,,22℃
2019年3月12日,晴/多云,24℃,14℃,无持续风向1-2级,无持续风向1-2级,,,24℃
2019年3月13日,阵雨/中雨,25℃,17℃,无持续风向1-2级,无持续风向1-2级,,,25℃
2019年3月14日,中雨/小雨,20℃,18℃,无持续风向1-2级,无持续风向1-2级,,,20℃
2019年3月15日,小雨/阴,19℃,14℃,无持续风向1-2级,无持续风向1-2级,,,19℃
2019年3月16日,阴/阴,22℃,17℃,无持续风向1-2级,无持续风向1-2级,,,22℃
2019年3月17日,阴/阴,24℃,17℃,无持续风向1-2级,无持续风向1-2级,,,24℃
2019年3月18日,小雨/阴,23℃,17℃,无持续风向1-2级,无持续风向1-2级,,,23℃
2019年3月19日,多云/多云,27℃,19℃,无持续风向1-2级,无持续风向1-2级,,,27℃
2019年3月20日,多云/多云,28℃,22℃,无持续风向1-2级,无持续风向1-2级,,,28℃
2019年3月21日,多云/阵雨,29℃,22℃,无持续风向1-2级,无持续风向1-2级,,,29℃
2019年3月22日,雷阵雨/雷阵雨,28℃,18℃,无持续风向1-2级,无持续风向1-2级,,,28℃
2019年3月23日,小雨/小到中雨,17℃,13℃,无持续风向1-2级,无持续风向1-2级,,,17℃
2019年3月24日,小雨/小到中雨,18℃,12℃,无持续风向1-2级,无持续风向1-2级,,,18℃
2019年3月25日,小雨/阴,18℃,14℃,无持续风向1-2级,无持续风向1-2级,,,18℃
2019年3月26日,阴/阴,26℃,18℃,无持续风向1-2级,无持续风向1-2级,,,26℃
2019年3月27日,阴/多云,25℃,20℃,无持续风向1-2级,无持续风向1-2级,,,25℃
2019年3月28日,多云/阴,27℃,21℃,无持续风向1-2级,无持续风向1-2级,,,27℃
2019年3月29日,中雨/小到中雨,26℃,21℃,无持续风向1-2级,无持续风向1-2级,,,26℃
2019年3月30日,多云/多云,27℃,20℃,无持续风向1-2级,无持续风向1-2级,,,27℃
2019年3月31日,中雨/阵雨,26℃,18℃,无持续风向1-2级,无持续风向1-2级,,,26℃
2019年4月1日,小雨/阴,22℃,16℃,无持续风向1-2级,无持续风向1-2级,,,22℃
2019年4月2日,阴/阴,24℃,17℃,无持续风向1-2级,无持续风向1-2级,,,24℃
2019年4月3日,阴/阵雨,27℃,20℃,无持续风向1-2级,无持续风向1-2级,,,27℃
2019年4月4日,阵雨/阵雨,23℃,17℃,无持续风向1-2级,无持续风向1-2级,,,23℃
2019年4月5日,多云/多云,27℃,18℃,无持续风向1-2级,无持续风向1-2级,,,27℃
2019年4月6日,多云/多云,28℃,21℃,无持续风向1-2级,无持续风向1-2级,,,28℃
2019年4月7日,多云/多云,30℃,22℃,无持续风向1-2级,无持续风向1-2级,,,30℃
2019年4月8日,多云/多云,31℃,24℃,南风3-4级,南风3-4级,,,31℃
2019年4月9日,多云/多云,31℃,24℃,无持续风向1-2级,无持续风向1-2级,,,31℃
2019年4月10日,雷阵雨/雷阵雨,30℃,22℃,无持续风向1-2级,无持续风向1-2级,,,30℃
2019年4月11日,中雨/中雨,30℃,23℃,无持续风向1-2级,无持续风向1-2级,,,30℃
2019年4月12日,暴雨/中到大雨,19℃,16℃,无持续风向1-2级,无持续风向1-2级,,,19℃
2019年4月13日,阵雨/大雨,22℃,17℃,无持续风向1-2级,无持续风向1-2级,,,22℃
2019年4月14日,大雨/阵雨,25℃,20℃,无持续风向1-2级,无持续风向1-2级,,,25℃
2019年4月15日,阵雨/大雨,25℃,20℃,无持续风向1-2级,无持续风向1-2级,,,25℃
2019年4月16日,中到大雨/小雨,23℃,19℃,无持续风向1-2级,无持续风向1-2级,,,23℃
2019年4月17日,多云/多云,27℃,20℃,无持续风向1-2级,无持续风向1-2级,,,27℃
2019年4月18日,中雨/暴雨,25℃,22℃,无持续风向1-2级,无持续风向1-2级,,,25℃
2019年4月19日,暴雨/大雨,25℃,22℃,无持续风向1-2级,无持续风向1-2级,,,25℃
2019年4月20日,中雨/雷阵雨,28℃,20℃,无持续风向1-2级,无持续风向1-2级,,,28℃
2019年4月21日,中雨/阵雨,27℃,23℃,无持续风向1-2级,无持续风向1-2级,,,27℃
2019年4月22日,雷阵雨/多云,30℃,24℃,无持续风向1-2级,无持续风向1-2级,,,30℃
2019年4月23日,阵雨/多云,30℃,24℃,无持续风向1-2级,无持续风向1-2级,,,30℃
2019年4月24日,多云/多云,33℃,25℃,无持续风向1-2级,无持续风向1-2级,,,33℃
2019年4月25日,雷阵雨/阴,32℃,25℃,无持续风向1-2级,无持续风向1-2级,,,32℃
2019年4月26日,大雨/中雨,30℃,25℃,无持续风向1-2级,无持续风向1-2级,,,30℃
2019年4月27日,小雨/阵雨,26℃,22℃,无持续风向1-2级,无持续风向1-2级,,,26℃
2019年4月28日,雷阵雨/阵雨,27℃,22℃,无持续风向1-2级,无持续风向1-2级,,,27℃
2019年4月29日,阵雨/雷阵雨,30℃,23℃,无持续风向1-2级,无持续风向1-2级,,,30℃
2019年4月30日,暴雨/阵雨,27℃,21℃,无持续风向1-2级,无持续风向1-2级,,,27℃
2019年5月1日,多云/多云,27℃,19℃,无持续风向1-2级,无持续风向1-2级,,,27℃
2019年5月2日,阵雨/多云,25℃,20℃,无持续风向1-2级,无持续风向1-2级,,,25℃
2019年5月3日,多云/多云,26℃,20℃,无持续风向1-2级,无持续风向1-2级,,,26℃
2019年5月4日,小雨/小雨,25℃,21℃,无持续风向1-2级,无持续风向1-2级,,,25℃
2019年5月5日,大雨/大雨,22℃,18℃,东风3-4级,东风3-4级,,,22℃
2019年5月6日,中雨/中雨,23℃,19℃,无持续风向1-2级,无持续风向1-2级,,,23℃
2019年5月7日,阵雨/中雨,23℃,19℃,无持续风向1-2级,无持续风向1-2级,,,23℃
2019年5月8日,大雨/中雨,22℃,19℃,无持续风向1-2级,无持续风向1-2级,,,22℃
2019年5月9日,阴/阴,24℃,20℃,无持续风向1-2级,无持续风向1-2级,,,24℃
2019年5月10日,多云/多云,29℃,23℃,无持续风向1-2级,无持续风向1-2级,,,29℃
2019年5月11日,多云/多云,32℃,24℃,无持续风向1-2级,无持续风向1-2级,,,32℃
2019年5月12日,多云/多云,32℃,23℃,无持续风向1-2级,无持续风向1-2级,,,32℃
2019年5月13日,多云/多云,33℃,25℃,无持续风向1-2级,无持续风向1-2级,,,33℃
2019年5月14日,多云/多云,32℃,26℃,无持续风向1-2级,无持续风向1-2级,,,32℃
2019年5月15日,雷阵雨/多云,32℃,26℃,无持续风向1-2级,无持续风向1-2级,,,32℃
2019年5月16日,雷阵雨/多云,33℃,26℃,无持续风向1-2级,无持续风向1-2级,,,33℃
2019年5月17日,雷阵雨/阵雨,34℃,27℃,无持续风向1-2级,无持续风向1-2级,,,34℃
2019年5月18日,雷阵雨/阵雨,35℃,27℃,无持续风向1-2级,无持续风向1-2级,,,35℃
2019年5月19日,雷阵雨/中雨,35℃,24℃,无持续风向1-2级,无持续风向1-2级,,,35℃
2019年5月20日,中雨/阵雨,31℃,24℃,无持续风向1-2级,无持续风向1-2级,,,31℃
2019年5月21日,阴/阵雨,31℃,24℃,无持续风向1-2级,无持续风向1-2级,,,31℃
2019年5月22日,中雨/大雨,29℃,24℃,无持续风向1-2级,无持续风向1-2级,,,29℃
2019年5月23日,阵雨/大雨,29℃,23℃,无持续风向1-2级,无持续风向1-2级,,,29℃
2019年5月24日,中到大雨/中雨,29℃,24℃,无持续风向1-2级,无持续风向1-2级,,,29℃
2019年5月25日,中雨/中雨,31℃,25℃,无持续风向1-2级,无持续风向1-2级,,,31℃
2019年5月26日,中雨/大雨,30℃,24℃,无持续风向1-2级,无持续风向1-2级,,,30℃
2019年5月27日,暴雨/大雨,29℃,24℃,无持续风向1-2级,无持续风向1-2级,,,29℃
2019年5月28日,中雨/大到暴雨,29℃,24℃,无持续风向1-2级,无持续风向1-2级,,,29℃
2019年5月29日,暴雨/大雨,27℃,24℃,无持续风向1-2级,无持续风向1-2级,,,27℃
2019年5月30日,大雨/大雨,29℃,24℃,无持续风向1-2级,无持续风向1-2级,,,29℃
2019年5月31日,中雨/阵雨,29℃,25℃,无持续风向1-2级,无持续风向1-2级,,,29℃
2019年6月1日,大雨/大雨,30℃,25℃,无持续风向1-2级,无持续风向1-2级,,,30℃
2019年6月2日,大雨/中雨,31℃,25℃,无持续风向1-2级,无持续风向1-2级,,,31℃
2019年6月3日,雷阵雨/中雨,31℃,25℃,无持续风向1-2级,无持续风向1-2级,,,31℃
2019年6月4日,雷阵雨/雷阵雨,34℃,26℃,无持续风向1-2级,无持续风向1-2级,,,34℃
2019年6月5日,雷阵雨/多云,33℃,26℃,无持续风向1-2级,无持续风向1-2级,,,33℃
2019年6月6日,雷阵雨/多云,35℃,26℃,无持续风向1-2级,无持续风向1-2级,,,35℃
2019年6月7日,雷阵雨/多云,35℃,28℃,无持续风向1-2级,无持续风向1-2级,,,35℃
2019年6月8日,阵雨/多云,35℃,28℃,无持续风向1-2级,无持续风向1-2级,,,35℃
2019年6月9日,雷阵雨/雷阵雨,35℃,27℃,无持续风向1-2级,无持续风向1-2级,,,35℃
2019年6月10日,雷阵雨/大雨,33℃,24℃,无持续风向1-2级,无持续风向1-2级,,,33℃
2019年6月11日,中到大雨/中雨,29℃,25℃,无持续风向1-2级,无持续风向1-2级,,,29℃
2019年6月12日,大雨/大雨,30℃,24℃,无持续风向1-2级,无持续风向1-2级,,,30℃
2019年6月13日,暴雨/阵雨,31℃,25℃,无持续风向1-2级,无持续风向1-2级,,,31℃
2019年6月14日,晴/多云,33℃,25℃,无持续风向1-2级,无持续风向1-2级,,,33℃
2019年6月15日,多云/多云,35℃,25℃,无持续风向1-2级,无持续风向1-2级,,,35℃
2019年6月16日,雷阵雨/雷阵雨,33℃,26℃,东南风3-4级,东南风3-4级,,,33℃
2019年6月17日,雷阵雨/雷阵雨,32℃,26℃,无持续风向1-2级,无持续风向1-2级,,,32℃
2019年6月18日,中雨/多云,33℃,26℃,无持续风向1-2级,无持续风向1-2级,,,33℃
2019年6月19日,阵雨/多云,35℃,27℃,无持续风向1-2级,无持续风向1-2级,,,35℃
2019年6月20日,多云/多云,35℃,28℃,无持续风向1-2级,无持续风向1-2级,,,35℃
2019年6月21日,雷阵雨/多云,35℃,28℃,无持续风向1-2级,无持续风向1-2级,,,35℃
2019年6月22日,多云/多云,35℃,29℃,无持续风向1-2级,无持续风向1-2级,,,35℃
2019年6月23日,大雨/大到暴雨,34℃,26℃,无持续风向1-2级,无持续风向1-2级,,,34℃
2019年6月24日,大雨/中雨,27℃,25℃,无持续风向1-2级,无持续风向1-2级,,,27℃
2019年6月25日,大雨/中雨,30℃,26℃,无持续风向1-2级,无持续风向1-2级,,,30℃
2019年6月26日,中雨/阵雨,31℃,26℃,无持续风向1-2级,无持续风向1-2级,,,31℃
2019年6月27日,雷阵雨/雷阵雨,34℃,27℃,无持续风向1-2级,无持续风向1-2级,,,34℃
2019年6月28日,雷阵雨/多云,35℃,28℃,无持续风向1-2级,无持续风向1-2级,,,35℃
2019年6月29日,雷阵雨/多云,36℃,28℃,无持续风向1-2级,无持续风向1-2级,,,36℃
2019年6月30日,雷阵雨/多云,36℃,28℃,无持续风向1-2级,无持续风向1-2级,,,36℃
2019年7月1日,中雨/中雨,34℃,28℃,无持续风向1-2级,无持续风向1-2级,,,34℃
2019年7月2日,阵雨/阵雨,34℃,25℃,无持续风向1-2级,无持续风向1-2级,,,34℃
2019年7月3日,大雨/大雨,30℃,26℃,无持续风向1-2级,无持续风向1-2级,,,30℃
2019年7月4日,雷阵雨/多云,33℃,26℃,无持续风向1-2级,无持续风向1-2级,,,33℃
2019年7月5日,阵雨/多云,34℃,28℃,无持续风向1-2级,无持续风向1-2级,,,34℃
2019年7月6日,阵雨/多云,35℃,28℃,无持续风向1-2级,无持续风向1-2级,,,35℃
2019年7月7日,多云/多云,35℃,28℃,无持续风向1-2级,无持续风向1-2级,,,35℃
2019年7月8日,雷阵雨/多云,35℃,28℃,西南风3-4级,西南风3-4级,,,35℃
2019年7月9日,雷阵雨/大到暴雨,32℃,25℃,无持续风向1-2级,无持续风向1-2级,,,32℃
2019年7月10日,暴雨/雷阵雨,30℃,26℃,无持续风向1-2级,无持续风向1-2级,,,30℃
2019年7月11日,阵雨/阵雨,30℃,26℃,无持续风向1-2级,无持续风向1-2级,,,30℃
2019年7月12日,雷阵雨/雷阵雨,34℃,27℃,无持续风向1-2级,无持续风向1-2级,,,34℃
2019年7月13日,阵雨/多云,34℃,28℃,无持续风向1-2级,无持续风向1-2级,,,34℃
2019年7月14日,阵雨/多云,34℃,28℃,无持续风向1-2级,无持续风向1-2级,,,34℃
2019年7月15日,雷阵雨/多云,35℃,27℃,无持续风向1-2级,无持续风向1-2级,,,35℃
2019年7月16日,多云/多云,35℃,28℃,无持续风向1-2级,无持续风向1-2级,,,35℃
2019年7月17日,晴/晴,37℃,29℃,无持续风向1-2级,无持续风向1-2级,,,37℃
2019年7月18日,阵雨/阵雨,37℃,28℃,无持续风向1-2级,无持续风向1-2级,,,37℃
2019年7月19日,雷阵雨/阵雨,36℃,28℃,无持续风向1-2级,无持续风向1-2级,,,36℃
2019年7月20日,雷阵雨/阵雨,34℃,27℃,无持续风向1-2级,无持续风向1-2级,,,34℃
2019年7月21日,雷阵雨/多云,35℃,27℃,无持续风向1-2级,无持续风向1-2级,,,35℃
2019年7月22日,雷阵雨/多云,33℃,26℃,无持续风向1-2级,无持续风向1-2级,,,33℃
2019年7月23日,雷阵雨/阵雨,34℃,26℃,无持续风向1-2级,无持续风向1-2级,,,34℃
2019年7月24日,雷阵雨/多云,34℃,26℃,无持续风向1-2级,无持续风向1-2级,,,34℃
2019年7月25日,雷阵雨/多云,34℃,27℃,无持续风向1-2级,无持续风向1-2级,,,34℃
2019年7月26日,雷阵雨/多云,35℃,27℃,无持续风向1-2级,无持续风向1-2级,,,35℃
2019年7月27日,晴/多云,36℃,27℃,无持续风向1-2级,无持续风向1-2级,,,36℃
2019年7月28日,雷阵雨/多云,35℃,27℃,无持续风向1-2级,无持续风向1-2级,,,35℃
2019年7月29日,雷阵雨/雷阵雨,33℃,28℃,无持续风向1-2级,无持续风向1-2级,,,33℃
2019年7月30日,阵雨/阵雨,33℃,26℃,无持续风向1-2级,无持续风向1-2级,,,33℃
2019年7月31日,中雨/大雨,30℃,26℃,东风3-4级,东风3-4级,,,30℃
2019年8月1日,暴雨/暴雨,29℃,25℃,东风3-4级,东风3-4级,,,29℃
2019年8月2日,大雨/阵雨,29℃,25℃,无持续风向1-2级,无持续风向1-2级,,,29℃
2019年8月3日,中到大雨/阵雨,30℃,25℃,无持续风向1-2级,无持续风向1-2级,,,30℃
2019年8月4日,多云/多云,33℃,27℃,无持续风向1-2级,无持续风向1-2级,,,33℃
2019年8月5日,晴/多云,35℃,27℃,无持续风向1-2级,无持续风向1-2级,,,35℃
2019年8月6日,阵雨/阵雨,35℃,28℃,无持续风向1-2级,无持续风向1-2级,,,35℃
2019年8月7日,雷阵雨/多云,36℃,27℃,无持续风向1-2级,无持续风向1-2级,,,36℃
2019年8月8日,多云/多云,37℃,28℃,无持续风向1-2级,无持续风向1-2级,,,37℃
2019年8月9日,晴/晴,37℃,28℃,无持续风向1-2级,无持续风向1-2级,,,37℃
2019年8月10日,雷阵雨/多云,37℃,28℃,无持续风向1-2级,无持续风向1-2级,,,37℃
2019年8月11日,雷阵雨/阵雨,35℃,28℃,无持续风向1-2级,无持续风向1-2级,,,35℃
2019年8月12日,雷阵雨/多云,34℃,27℃,无持续风向1-2级,无持续风向1-2级,,,34℃
2019年8月13日,多云/雷阵雨,36℃,27℃,无持续风向1-2级,无持续风向1-2级,,,36℃
2019年8月14日,雷阵雨/雷阵雨,35℃,27℃,无持续风向1-2级,无持续风向1-2级,,,35℃
2019年8月15日,雷阵雨/雷阵雨,35℃,26℃,无持续风向1-2级,无持续风向1-2级,,,35℃
2019年8月16日,雷阵雨/多云,35℃,27℃,无持续风向1-2级,无持续风向1-2级,,,35℃
2019年8月17日,中雨/中雨,32℃,26℃,无持续风向1-2级,无持续风向1-2级,,,32℃
2019年8月18日,大雨/雷阵雨,30℃,25℃,无持续风向1-2级,无持续风向1-2级,,,30℃
2019年8月19日,雷阵雨/阵雨,31℃,25℃,无持续风向1-2级,无持续风向1-2级,,,31℃
2019年8月20日,雷阵雨/多云,35℃,26℃,无持续风向1-2级,无持续风向1-2级,,,35℃
2019年8月21日,阵雨/多云,35℃,27℃,无持续风向1-2级,无持续风向1-2级,,,35℃
2019年8月22日,雷阵雨/多云,35℃,28℃,无持续风向1-2级,无持续风向1-2级,,,35℃
2019年8月23日,多云/多云,34℃,27℃,无持续风向1-2级,无持续风向1-2级,,,34℃
2019年8月24日,晴/阴,37℃,27℃,无持续风向1-2级,无持续风向1-2级,,,37℃
2019年8月25日,中雨/中雨,33℃,26℃,西南风3-4级,西南风3-4级,,,33℃
2019年8月26日,大雨/阵雨,30℃,25℃,无持续风向1-2级,无持续风向1-2级,,,30℃
2019年8月27日,阵雨/多云,33℃,27℃,无持续风向1-2级,无持续风向1-2级,,,33℃
2019年8月28日,多云/多云,36℃,27℃,无持续风向1-2级,无持续风向1-2级,,,36℃
2019年8月29日,雷阵雨/雷阵雨,33℃,26℃,无持续风向1-2级,无持续风向1-2级,,,33℃
2019年8月30日,大雨/中雨,31℃,26℃,无持续风向1-2级,无持续风向1-2级,,,31℃
2019年8月31日,中到大雨/雷阵雨,30℃,25℃,无持续风向1-2级,无持续风向1-2级,,,30℃
2019年9月1日,中雨/中雨,33℃,25℃,无持续风向1-2级,无持续风向1-2级,,,33℃
2019年9月2日,大雨/阵雨,31℃,25℃,无持续风向1-2级,无持续风向1-2级,,,31℃
2019年9月3日,雷阵雨/阵雨,31℃,24℃,无持续风向1-2级,无持续风向1-2级,,,31℃
2019年9月4日,阵雨/中雨,32℃,25℃,东北风3-4级,东北风3-4级,,,32℃
2019年9月5日,雷阵雨/多云,32℃,25℃,无持续风向1-2级,无持续风向1-2级,,,32℃
2019年9月6日,阵雨/多云,33℃,26℃,无持续风向1-2级,无持续风向1-2级,,,33℃
2019年9月7日,晴/晴,36℃,27℃,无持续风向1-2级,无持续风向1-2级,,,36℃
2019年9月8日,晴/多云,35℃,27℃,无持续风向1-2级,无持续风向1-2级,,,35℃
2019年9月9日,雷阵雨/多云,35℃,26℃,无持续风向1-2级,无持续风向1-2级,,,35℃
2019年9月10日,阵雨/多云,35℃,27℃,无持续风向1-2级,无持续风向1-2级,,,35℃
2019年9月11日,多云/晴,35℃,27℃,无持续风向1-2级,无持续风向1-2级,,,35℃
2019年9月12日,晴/阵雨,35℃,26℃,无持续风向1-2级,无持续风向1-2级,,,35℃
2019年9月13日,晴/多云,36℃,27℃,无持续风向1-2级,无持续风向1-2级,,,36℃
2019年9月14日,多云/雷阵雨,34℃,27℃,无持续风向1-2级,无持续风向1-2级,,,34℃
2019年9月15日,雷阵雨/雷阵雨,32℃,26℃,无持续风向1-2级,无持续风向1-2级,,,32℃
2019年9月16日,雷阵雨/雷阵雨,33℃,25℃,无持续风向1-2级,无持续风向1-2级,,,33℃
2019年9月17日,阵雨/多云,33℃,26℃,无持续风向1-2级,无持续风向1-2级,,,33℃
2019年9月18日,多云/雷阵雨,34℃,25℃,无持续风向1-2级,无持续风向1-2级,,,34℃
2019年9月19日,晴/晴,34℃,24℃,无持续风向1-2级,无持续风向1-2级,,,34℃
2019年9月20日,晴/晴,32℃,23℃,无持续风向1-2级,无持续风向1-2级,,,32℃
2019年9月21日,晴/晴,32℃,23℃,无持续风向1-2级,无持续风向1-2级,,,32℃
2019年9月22日,晴/晴,31℃,22℃,无持续风向1-2级,无持续风向1-2级,,,31℃
2019年9月23日,晴/晴,30℃,21℃,无持续风向1-2级,无持续风向1-2级,,,30℃
2019年9月24日,晴/晴,32℃,23℃,无持续风向1-2级,无持续风向1-2级,,,32℃
2019年9月25日,晴/晴,32℃,23℃,无持续风向1-2级,无持续风向1-2级,,,32℃
2019年9月26日,晴/晴,33℃,23℃,无持续风向1-2级,无持续风向1-2级,,,33℃
2019年9月27日,晴/晴,33℃,23℃,无持续风向1-2级,无持续风向1-2级,,,33℃
2019年9月28日,晴/晴,33℃,23℃,无持续风向1-2级,无持续风向1-2级,,,33℃
2019年9月29日,晴/晴,33℃,23℃,无持续风向1-2级,无持续风向1-2级,,,33℃
2019年9月30日,晴/晴,34℃,22℃,无持续风向1-2级,无持续风向1-2级,,,34℃
2019年10月1日,晴/晴,35℃,24℃,无持续风向1-2级,无持续风向1-2级,,,35℃
2019年10月2日,晴/晴,34℃,25℃,无持续风向1-2级,无持续风向1-2级,,,34℃
2019年10月3日,晴/晴,35℃,26℃,无持续风向1-2级,无持续风向1-2级,,,35℃
2019年10月4日,晴/晴,34℃,25℃,无持续风向1-2级,无持续风向1-2级,,,34℃
2019年10月5日,多云/多云,34℃,25℃,无持续风向1-2级,无持续风向1-2级,,,34℃
2019年10月6日,中雨/小到中雨,33℃,23℃,无持续风向1-2级,无持续风向1-2级,,,33℃
2019年10月7日,阵雨/多云,30℃,23℃,无持续风向1-2级,无持续风向1-2级,,,30℃
2019年10月8日,多云/多云,32℃,24℃,无持续风向1-2级,无持续风向1-2级,,,32℃
2019年10月9日,小雨/多云,31℃,23℃,无持续风向1-2级,无持续风向1-2级,,,31℃
2019年10月10日,多云/多云,32℃,25℃,无持续风向1-2级,无持续风向1-2级,,,32℃
2019年10月11日,晴/晴,33℃,25℃,无持续风向1-2级,无持续风向1-2级,,,33℃
2019年10月12日,多云/雷阵雨,33℃,24℃,无持续风向1-2级,无持续风向1-2级,,,33℃
2019年10月13日,雷阵雨/雷阵雨,31℃,23℃,无持续风向1-2级,无持续风向1-2级,,,31℃
2019年10月14日,多云/多云,29℃,23℃,无持续风向1-2级,无持续风向1-2级,,,29℃
2019年10月15日,晴/晴,30℃,23℃,无持续风向1-2级,无持续风向1-2级,,,30℃
2019年10月16日,多云/晴,31℃,23℃,无持续风向1-2级,无持续风向1-2级,,,31℃
2019年10月17日,晴/晴,31℃,21℃,无持续风向1-2级,无持续风向1-2级,,,31℃
2019年10月18日,晴/晴,30℃,20℃,无持续风向1-2级,无持续风向1-2级,,,30℃
2019年10月19日,晴/晴,31℃,22℃,无持续风向1-2级,无持续风向1-2级,,,31℃
2019年10月20日,晴/晴,30℃,22℃,无持续风向1-2级,无持续风向1-2级,,,30℃
2019年10月21日,晴/晴,30℃,21℃,无持续风向1-2级,无持续风向1-2级,,,30℃
2019年10月22日,多云/晴,30℃,22℃,无持续风向1-2级,无持续风向1-2级,,,30℃
2019年10月23日,小雨/小雨,30℃,22℃,无持续风向1-2级,无持续风向1-2级,,,30℃
2019年10月24日,阴/多云,28℃,22℃,无持续风向1-2级,无持续风向1-2级,,,28℃
2019年10月25日,多云/多云,30℃,21℃,东风1-2级,东风1-2级,,,30℃
2019年10月26日,阴/阴,28℃,21℃,无持续风向1-2级,无持续风向1-2级,,,28℃
2019年10月27日,阴/阴,26℃,20℃,无持续风向1-2级,无持续风向1-2级,,,26℃
2019年10月28日,多云/多云,28℃,19℃,无持续风向1-2级,无持续风向1-2级,,,28℃
2019年10月29日,晴/晴,27℃,17℃,无持续风向1-2级,无持续风向1-2级,,,27℃
2019年10月30日,多云/多云,27℃,17℃,无持续风向1-2级,无持续风向1-2级,,,27℃
2019年10月31日,多云/多云,28℃,19℃,无持续风向1-2级,无持续风向1-2级,,,28℃
2019年11月1日,多云/多云,28℃,20℃,无持续风向1-2级,无持续风向1-2级,,,28℃
2019年11月2日,多云/多云,31℃,23℃,无持续风向1-2级,无持续风向1-2级,,,31℃
2019年11月3日,多云/晴,30℃,20℃,北风3-4级,北风3-4级,,,30℃
2019年11月4日,晴/晴,28℃,18℃,无持续风向1-2级,无持续风向1-2级,,,28℃
2019年11月5日,晴/晴,27℃,17℃,无持续风向1-2级,无持续风向1-2级,,,27℃
2019年11月6日,晴/晴,28℃,18℃,无持续风向1-2级,无持续风向1-2级,,,28℃
2019年11月7日,晴/多云,27℃,17℃,东北风3-4级,东北风3-4级,,,27℃
2019年11月8日,晴/晴,27℃,17℃,东北风3-4级,东北风3-4级,,,27℃
2019年11月9日,晴/晴,27℃,17℃,无持续风向1-2级,无持续风向1-2级,,,27℃
2019年11月10日,晴/晴,27℃,16℃,无持续风向1-2级,无持续风向1-2级,,,27℃
2019年11月11日,晴/晴,29℃,17℃,无持续风向1-2级,无持续风向1-2级,,,29℃
2019年11月12日,晴/晴,28℃,19℃,无持续风向1-2级,无持续风向1-2级,,,28℃
2019年11月13日,晴/晴,29℃,16℃,无持续风向1-2级,无持续风向1-2级,,,29℃
2019年11月14日,晴/晴,25℃,16℃,无持续风向1-2级,无持续风向1-2级,,,25℃
2019年11月15日,晴/晴,26℃,18℃,无持续风向1-2级,无持续风向1-2级,,,26℃
2019年11月16日,晴/晴,29℃,20℃,无持续风向1-2级,无持续风向1-2级,,,29℃
2019年11月17日,晴/晴,27℃,18℃,无持续风向1-2级,无持续风向1-2级,,,27℃
2019年11月18日,多云/晴,24℃,14℃,北风3-4级,北风3-4级,,,24℃
2019年11月19日,晴/晴,22℃,14℃,北风3-4级,北风3-4级,,,22℃
2019年11月20日,晴/晴,25℃,15℃,无持续风向1-2级,无持续风向1-2级,,,25℃
2019年11月21日,晴/晴,24℃,17℃,无持续风向1-2级,无持续风向1-2级,,,24℃
2019年11月22日,晴/晴,26℃,17℃,无持续风向1-2级,无持续风向1-2级,,,26℃
2019年11月23日,晴/晴,28℃,17℃,无持续风向1-2级,无持续风向1-2级,,,28℃
2019年11月24日,晴/晴,28℃,17℃,无持续风向1-2级,无持续风向1-2级,,,28℃
2019年11月25日,晴/多云,28℃,16℃,北风3-4级,北风3-4级,,,28℃
2019年11月26日,多云/多云,24℃,18℃,无持续风向1-2级,无持续风向1-2级,,,24℃
2019年11月27日,多云/多云,25℃,15℃,无持续风向1-2级,无持续风向1-2级,,,25℃
2019年11月28日,多云/晴,19℃,12℃,北风3-4级,北风3-4级,,,19℃
2019年11月29日,多云/多云,21℃,12℃,无持续风向1-2级,无持续风向1-2级,,,21℃
2019年11月30日,多云/晴,24℃,13℃,东北风3-4级,东北风3-4级,,,24℃
2019年12月1日,晴/晴,25℃,13℃,北风3-4级,北风3-4级,,,25℃
2019年12月2日,多云/晴,17℃,10℃,北风4-5级,北风4-5级,,,17℃
2019年12月3日,晴/晴,19℃,10℃,北风3-4级,北风3-4级,,,19℃
2019年12月4日,晴/多云,20℃,11℃,北风3-4级,北风3-4级,,,20℃
2019年12月5日,多云/多云,18℃,13℃,无持续风向1-2级,无持续风向1-2级,,,18℃
2019年12月6日,晴/晴,20℃,9℃,北风3-4级,北风3-4级,,,20℃
2019年12月7日,晴/晴,20℃,8℃,无持续风向1-2级,无持续风向1-2级,,,20℃
2019年12月8日,晴/晴,21℃,10℃,无持续风向1-2级,无持续风向1-2级,,,21℃
2019年12月9日,多云/晴,20℃,10℃,无持续风向1-2级,无持续风向1-2级,,,20℃
2019年12月10日,晴/晴,22℃,10℃,无持续风向1-2级,无持续风向1-2级,,,22℃
2019年12月11日,晴/晴,23℃,10℃,无持续风向1-2级,无持续风向1-2级,,,23℃
2019年12月12日,晴/晴,24℃,12℃,无持续风向1-2级,无持续风向1-2级,,,24℃
2019年12月13日,晴/晴,25℃,15℃,无持续风向1-2级,无持续风向1-2级,,,25℃
2019年12月14日,晴/多云,25℃,14℃,无持续风向1-2级,无持续风向1-2级,,,25℃
2019年12月15日,多云/多云,26℃,15℃,无持续风向1-2级,无持续风向1-2级,,,26℃
2019年12月16日,阴/阴,25℃,19℃,无持续风向1-2级,无持续风向1-2级,,,25℃
2019年12月17日,多云/多云,26℃,19℃,无持续风向1-2级,无持续风向1-2级,,,26℃
2019年12月18日,多云/小雨,27℃,16℃,无持续风向1-2级,无持续风向1-2级,,,27℃
2019年12月19日,阴/阴,15℃,13℃,北风3-4级,北风3-4级,,,15℃
2019年12月20日,阴/多云,20℃,13℃,无持续风向1-2级,无持续风向1-2级,,,20℃
2019年12月21日,阴/阴,19℃,13℃,无持续风向1-2级,无持续风向1-2级,,,19℃
2019年12月22日,阴/多云,22℃,16℃,无持续风向1-2级,无持续风向1-2级,,,22℃
2019年12月23日,多云/小雨,23℃,15℃,无持续风向1-2级,无持续风向1-2级,,,23℃
2019年12月24日,阴/多云,24℃,18℃,无持续风向1-2级,无持续风向1-2级,,,24℃
2019年12月25日,多云/多云,22℃,16℃,无持续风向1-2级,无持续风向1-2级,,,22℃
2019年12月26日,晴/多云,22℃,11℃,北风3-4级,北风3-4级,,,22℃
2019年12月27日,晴/晴,18℃,10℃,无持续风向1-2级,无持续风向1-2级,,,18℃
2019年12月28日,多云/阴,21℃,12℃,无持续风向1-2级,无持续风向1-2级,,,21℃
2019年12月29日,小雨/阴,18℃,15℃,无持续风向1-2级,无持续风向1-2级,,,18℃
2019年12月30日,阵雨/多云,22℃,14℃,无持续风向1-2级,无持续风向1-2级,,,22℃
2019年12月31日,多云/晴,22℃,14℃,无持续风向1-2级,无持续风向1-2级,,,22℃
2020年1月1日,阴/多云,21℃,14℃,无持续风向1-2级,无持续风向1-2级,,,21℃
2020年1月2日,多云/晴,23℃,15℃,无持续风向1-2级,无持续风向1-2级,,,23℃
2020年1月3日,晴/多云,23℃,15℃,无持续风向1-2级,无持续风向1-2级,,,23℃
2020年1月4日,多云/多云,24℃,16℃,无持续风向1-2级,无持续风向1-2级,,,24℃
2020年1月5日,多云/小雨,24℃,16℃,无持续风向1-2级,无持续风向1-2级,,,24℃
2020年1月6日,阴/阴,25℃,20℃,无持续风向1-2级,无持续风向1-2级,,,25℃
2020年1月7日,多云/晴,26℃,16℃,无持续风向1-2级,无持续风向1-2级,,,26℃
2020年1月8日,晴/多云,24℃,15℃,无持续风向1-2级,无持续风向1-2级,,,24℃
2020年1月9日,多云/多云,25℃,17℃,无持续风向1-2级,无持续风向1-2级,,,25℃
2020年1月10日,阴/阴,25℃,19℃,无持续风向1-2级,无持续风向1-2级,,,25℃
2020年1月11日,阴/小雨,24℃,11℃,北风3-4级,北风3-4级,,,24℃
2020年1月12日,阴/多云,15℃,9℃,无持续风向1-2级,无持续风向1-2级,,,15℃
2020年1月13日,多云/多云,21℃,12℃,无持续风向1-2级,无持续风向1-2级,,,21℃
2020年1月14日,多云/多云,21℃,15℃,无持续风向1-2级,无持续风向1-2级,,,21℃
2020年1月15日,多云/多云,23℃,14℃,无持续风向1-2级,无持续风向1-2级,,,23℃
2020年1月16日,阴/多云,23℃,13℃,北风3-4级,北风3-4级,,,23℃
2020年1月17日,阴/阴,14℃,10℃,无持续风向1-2级,无持续风向1-2级,,,14℃
2020年1月18日,阴/阴,15℃,12℃,无持续风向1-2级,无持续风向1-2级,,,15℃
2020年1月19日,阴/阴,15℃,12℃,无持续风向1-2级,无持续风向1-2级,,,15℃
2020年1月20日,阴/多云,18℃,12℃,无持续风向1-2级,无持续风向1-2级,,,18℃
2020年1月21日,阴/阴,21℃,15℃,无持续风向1-2级,无持续风向1-2级,,,21℃
2020年1月22日,多云/阴,24℃,18℃,无持续风向1-2级,无持续风向1-2级,,,24℃
2020年1月23日,多云/多云,26℃,19℃,无持续风向1-2级,无持续风向1-2级,,,26℃
2020年1月24日,阴/多云,27℃,19℃,无持续风向1-2级,无持续风向1-2级,,,27℃
2020年1月25日,小雨/中雨,15℃,11℃,无持续风向1-2级,无持续风向1-2级,,,15℃
2020年1月26日,小雨/阴,15℃,7℃,北风3-4级,北风3-4级,,,15℃
2020年1月27日,多云/多云,15℃,7℃,无持续风向1-2级,无持续风向1-2级,,,15℃
2020年1月28日,多云/晴,15℃,7℃,无持续风向1-2级,无持续风向1-2级,,,15℃
2020年1月29日,多云/晴,16℃,8℃,北风3-4级,北风3-4级,,,16℃
2020年1月30日,晴/晴,17℃,8℃,无持续风向1-2级,无持续风向1-2级,,,17℃
2020年1月31日,晴/多云,20℃,8℃,无持续风向1-2级,无持续风向1-2级,,,20℃
2020年2月1日,阴/阴,19℃,10℃,无持续风向1-2级,无持续风向1-2级,,,19℃
2020年2月2日,阴/阴,20℃,14℃,无持续风向1-2级,无持续风向1-2级,,,20℃
2020年2月3日,小雨/小到中雨,19℃,11℃,无持续风向1-2级,无持续风向1-2级,,,19℃
2020年2月4日,阵雨/阵雨,15℃,11℃,无持续风向1-2级,无持续风向1-2级,,,15℃
2020年2月5日,小雨/阴,18℃,13℃,无持续风向1-2级,无持续风向1-2级,,,18℃
2020年2月6日,小雨/小雨,18℃,14℃,无持续风向1-2级,无持续风向1-2级,,,18℃
2020年2月7日,小雨/阴,16℃,12℃,无持续风向1-2级,无持续风向1-2级,,,16℃
2020年2月8日,阴/多云,19℃,13℃,无持续风向1-2级,无持续风向1-2级,,,19℃
2020年2月9日,阴/阴,18℃,12℃,无持续风向1-2级,无持续风向1-2级,,,18℃
2020年2月10日,阴/小雨,19℃,14℃,无持续风向1-2级,无持续风向1-2级,,,19℃
2020年2月11日,小雨/阴,18℃,14℃,无持续风向1-2级,无持续风向1-2级,,,18℃
2020年2月12日,阴/小雨,21℃,16℃,无持续风向1-2级,无持续风向1-2级,,,21℃
2020年2月13日,大雨/中雨,21℃,17℃,无持续风向1-2级,无持续风向1-2级,,,21℃
2020年2月14日,小雨/中雨,23℃,19℃,无持续风向1-2级,无持续风向1-2级,,,23℃
2020年2月15日,暴雨/中雨,21℃,8℃,南风3-4级,南风3-4级,,,21℃
2020年2月16日,小雨/阴,12℃,6℃,北风3-4级,北风3-4级,,,12℃
2020年2月17日,晴/晴,16℃,6℃,北风3-4级,北风3-4级,,,16℃
2020年2月18日,晴/晴,17℃,8℃,无持续风向1-2级,无持续风向1-2级,,,17℃
2020年2月19日,多云/多云,19℃,10℃,无持续风向1-2级,无持续风向1-2级,,,19℃
2020年2月20日,多云/多云,22℃,12℃,无持续风向1-2级,无持续风向1-2级,,,22℃
2020年2月21日,晴/多云,24℃,14℃,无持续风向1-2级,无持续风向1-2级,,,24℃
2020年2月22日,多云/多云,26℃,15℃,无持续风向1-2级,无持续风向1-2级,,,26℃
2020年2月23日,多云/多云,26℃,16℃,无持续风向1-2级,无持续风向1-2级,,,26℃
2020年2月24日,多云/多云,25℃,18℃,无持续风向1-2级,无持续风向1-2级,,,25℃
2020年2月25日,多云/多云,27℃,18℃,无持续风向1-2级,无持续风向1-2级,,,27℃
2020年2月26日,晴/多云,28℃,19℃,无持续风向1-2级,无持续风向1-2级,,,28℃
2020年2月27日,多云/阴,28℃,18℃,无持续风向1-2级,无持续风向1-2级,,,28℃
2020年2月28日,阴/阴,26℃,19℃,无持续风向1-2级,无持续风向1-2级,,,26℃
2020年2月29日,阴/阴,27℃,18℃,无持续风向1-2级,无持续风向1-2级,,,27℃
2020年3月1日,多云/多云,27℃,19℃,无持续风向1-2级,无持续风向1-2级,,,27℃
2020年3月2日,多云/多云,26℃,18℃,无持续风向1-2级,无持续风向1-2级,,,26℃
2020年3月3日,阴/中雨,25℃,18℃,无持续风向1-2级,无持续风向1-2级,,,25℃
2020年3月4日,中到大雨/中雨,18℃,13℃,无持续风向1-2级,无持续风向1-2级,,,18℃
2020年3月5日,阴/多云,20℃,14℃,无持续风向1-2级,无持续风向1-2级,,,20℃
2020年3月6日,阴/阴,21℃,18℃,无持续风向1-2级,无持续风向1-2级,,,21℃
2020年3月7日,阴/阴,24℃,18℃,无持续风向1-2级,无持续风向1-2级,,,24℃
2020年3月8日,阴/阴,26℃,22℃,无持续风向1-2级,无持续风向1-2级,,,26℃
2020年3月9日,小雨/中雨,26℃,18℃,南风3-4级,南风3-4级,,,26℃
2020年3月10日,多云/多云,23℃,16℃,北风3-4级,北风3-4级,,,23℃
2020年3月11日,多云/小雨,24℃,18℃,无持续风向1-2级,无持续风向1-2级,,,24℃
2020年3月12日,阴/阴,23℃,18℃,无持续风向1-2级,无持续风向1-2级,,,23℃
2020年3月13日,小雨/小雨,27℃,18℃,北风1-2级,北风1-2级,,,27℃
2020年3月14日,阴/多云,21℃,16℃,无持续风向1-2级,无持续风向1-2级,,,21℃
2020年3月15日,多云/多云,24℃,17℃,无持续风向1-2级,无持续风向1-2级,,,24℃
2020年3月16日,阴/阴,23℃,19℃,无持续风向1-2级,无持续风向1-2级,,,23℃
2020年3月17日,阴/小雨,23℃,20℃,无持续风向1-2级,无持续风向1-2级,,,23℃
2020年3月18日,阵雨/中雨,22℃,18℃,无持续风向1-2级,无持续风向1-2级,,,22℃
2020年3月19日,中雨/中雨,22℃,19℃,无持续风向1-2级,无持续风向1-2级,,,22℃
2020年3月20日,阵雨/阴,24℃,21℃,无持续风向1-2级,无持续风向1-2级,,,24℃
2020年3月21日,阴/多云,25℃,21℃,无持续风向1-2级,无持续风向1-2级,,,25℃
2020年3月22日,多云/多云,29℃,21℃,无持续风向1-2级,无持续风向1-2级,,,29℃
2020年3月23日,多云/多云,28℃,22℃,无持续风向1-2级,无持续风向1-2级,,,28℃
2020年3月24日,阴/阵雨,29℃,22℃,无持续风向1-2级,无持续风向1-2级,,,29℃
2020年3月25日,雷阵雨/雷阵雨,27℃,22℃,无持续风向1-2级,无持续风向1-2级,,,27℃
2020年3月26日,雷阵雨/雷阵雨,27℃,20℃,无持续风向1-2级,无持续风向1-2级,,,27℃
2020年3月27日,大雨/暴雨,27℃,17℃,无持续风向1-2级,无持续风向1-2级,,,27℃
2020年3月28日,阴/阴,21℃,17℃,北风3-4级,北风3-4级,,,21℃
2020年3月29日,阴/小雨,21℃,18℃,无持续风向1-2级,无持续风向1-2级,,,21℃
2020年3月30日,小雨/小雨,16℃,13℃,无持续风向1-2级,无持续风向1-2级,,,16℃
2020年3月31日,阵雨/阵雨,16℃,13℃,无持续风向1-2级,无持续风向1-2级,,,16℃
2020年4月1日,阵雨/阵雨,18℃,14℃,无持续风向1-2级,无持续风向1-2级,,,18℃
2020年4月2日,小雨/小雨,18℃,14℃,无持续风向1-2级,无持续风向1-2级,,,18℃
2020年4月3日,小雨/小雨,19℃,16℃,无持续风向1-2级,无持续风向1-2级,,,19℃
2020年4月4日,小雨/阵雨,18℃,15℃,无持续风向1-2级,无持续风向1-2级,,,18℃
2020年4月5日,中雨/中雨,16℃,15℃,无持续风向1-2级,无持续风向1-2级,,,16℃
2020年4月6日,大雨/小雨,16℃,14℃,无持续风向1-2级,无持续风向1-2级,,,16℃
2020年4月7日,阴/阴,18℃,16℃,无持续风向1-2级,无持续风向1-2级,,,18℃
2020年4月8日,多云/多云,24℃,17℃,无持续风向1-2级,无持续风向1-2级,,,24℃
2020年4月9日,多云/多云,26℃,19℃,无持续风向1-2级,无持续风向1-2级,,,26℃
2020年4月10日,多云/多云,28℃,19℃,无持续风向1-2级,无持续风向1-2级,,,28℃
2020年4月11日,大雨/阵雨,27℃,15℃,北风3-4级,北风3-4级,,,27℃
2020年4月12日,晴/晴,22℃,11℃,北风3-4级,北风3-4级,,,22℃
2020年4月13日,晴/多云,24℃,15℃,无持续风向1-2级,无持续风向1-2级,,,24℃
2020年4月14日,阴/阴,23℃,15℃,无持续风向1-2级,无持续风向1-2级,,,23℃
2020年4月15日,晴/多云,25℃,16℃,无持续风向1-2级,无持续风向1-2级,,,25℃
2020年4月16日,多云/多云,27℃,18℃,无持续风向1-2级,无持续风向1-2级,,,27℃
2020年4月17日,多云/阴,28℃,21℃,无持续风向1-2级,无持续风向1-2级,,,28℃
2020年4月18日,阴/阴,28℃,22℃,无持续风向1-2级,无持续风向1-2级,,,28℃
2020年4月19日,多云/多云,29℃,23℃,无持续风向1-2级,无持续风向1-2级,,,29℃
2020年4月20日,多云/多云,31℃,24℃,无持续风向1-2级,无持续风向1-2级,,,31℃
2020年4月21日,雷阵雨/中雨,31℃,21℃,无持续风向1-2级,无持续风向1-2级,,,31℃
2020年4月22日,中雨/中雨,23℃,18℃,无持续风向1-2级,无持续风向1-2级,,,23℃
2020年4月23日,中雨/小到中雨,20℃,16℃,无持续风向1-2级,无持续风向1-2级,,,20℃
2020年4月24日,小雨/阴,19℃,15℃,无持续风向1-2级,无持续风向1-2级,,,19℃
2020年4月25日,阴/小雨,22℃,17℃,无持续风向1-2级,无持续风向1-2级,,,22℃
2020年4月26日,阴/阴,25℃,19℃,无持续风向1-2级,无持续风向1-2级,,,25℃
2020年4月27日,多云/多云,29℃,19℃,无持续风向1-2级,无持续风向1-2级,,,29℃
2020年4月28日,多云/多云,30℃,20℃,无持续风向1-2级,无持续风向1-2级,,,30℃
2020年4月29日,多云/多云,31℃,21℃,无持续风向1-2级,无持续风向1-2级,,,31℃
2020年4月30日,多云/多云,31℃,22℃,无持续风向1-2级,无持续风向1-2级,,,31℃
2020年5月1日,晴/多云,32℃,23℃,无持续风向1-2级,无持续风向1-2级,,,32℃
2020年5月2日,多云/多云,32℃,25℃,无持续风向1-2级,无持续风向1-2级,,,32℃
2020年5月3日,晴/晴,33℃,25℃,无持续风向1-2级,无持续风向1-2级,,,33℃
2020年5月4日,晴/晴,35℃,26℃,无持续风向1-2级,无持续风向1-2级,,,35℃
2020年5月5日,多云/多云,35℃,27℃,无持续风向1-2级,无持续风向1-2级,,,35℃
2020年5月6日,多云/多云,35℃,27℃,无持续风向1-2级,无持续风向1-2级,,,35℃
2020年5月7日,多云/多云,35℃,28℃,南风3-4级,南风3-4级,,,35℃
2020年5月8日,多云/多云,34℃,28℃,无持续风向1-2级,无持续风向1-2级,,,34℃
2020年5月9日,多云/雷阵雨,35℃,27℃,无持续风向1-2级,无持续风向1-2级,,,35℃
2020年5月10日,中雨/中雨,32℃,25℃,无持续风向1-2级,无持续风向1-2级,,,32℃
2020年5月11日,中雨/中雨,31℃,24℃,无持续风向1-2级,无持续风向1-2级,,,31℃
2020年5月12日,阴/阴,30℃,24℃,无持续风向1-2级,无持续风向1-2级,,,30℃
2020年5月13日,雷阵雨/多云,33℃,26℃,无持续风向1-2级,无持续风向1-2级,,,33℃
2020年5月14日,阵雨/多云,32℃,25℃,无持续风向1-2级,无持续风向1-2级,,,32℃
2020年5月15日,多云/多云,34℃,26℃,无持续风向1-2级,无持续风向1-2级,,,34℃
2020年5月16日,晴/多云,35℃,26℃,无持续风向1-2级,无持续风向1-2级,,,35℃
2020年5月17日,雷阵雨/大雨,32℃,24℃,无持续风向1-2级,无持续风向1-2级,,,32℃
2020年5月18日,雷阵雨/大雨,29℃,24℃,无持续风向1-2级,无持续风向1-2级,,,29℃
2020年5月19日,雷阵雨/雷阵雨,31℃,24℃,无持续风向1-2级,无持续风向1-2级,,,31℃
2020年5月20日,雷阵雨/中到大雨,33℃,25℃,无持续风向1-2级,无持续风向1-2级,,,33℃
2020年5月21日,暴雨/大雨,29℃,25℃,无持续风向1-2级,无持续风向1-2级,,,29℃
2020年5月22日,大雨/阵雨,30℃,25℃,无持续风向1-2级,无持续风向1-2级,,,30℃
2020年5月23日,阴/雷阵雨,30℃,24℃,无持续风向1-2级,无持续风向1-2级,,,30℃
2020年5月24日,多云/多云,33℃,25℃,无持续风向1-2级,无持续风向1-2级,,,33℃
2020年5月25日,大雨/大雨,30℃,25℃,无持续风向1-2级,无持续风向1-2级,,,30℃
2020年5月26日,阵雨/阵雨,32℃,26℃,无持续风向1-2级,无持续风向1-2级,,,32℃
2020年5月27日,阴/阴,31℃,25℃,无持续风向1-2级,无持续风向1-2级,,,31℃
2020年5月28日,多云/多云,32℃,25℃,无持续风向1-2级,无持续风向1-2级,,,32℃
2020年5月29日,阵雨/阵雨,31℃,25℃,无持续风向1-2级,无持续风向1-2级,,,31℃
2020年5月30日,中雨/雷阵雨,30℃,26℃,无持续风向1-2级,无持续风向1-2级,,,30℃
2020年5月31日,雷阵雨/多云,33℃,26℃,无持续风向1-2级,无持续风向1-2级,,,33℃
2020年6月1日,雷阵雨/阴,31℃,26℃,无持续风向1-2级,无持续风向1-2级,,,31℃
2020年6月2日,大雨/阵雨,31℃,26℃,无持续风向1-2级,无持续风向1-2级,,,31℃
2020年6月3日,雷阵雨/阵雨,33℃,25℃,无持续风向1-2级,无持续风向1-2级,,,33℃
2020年6月4日,雷阵雨/多云,33℃,26℃,无持续风向1-2级,无持续风向1-2级,,,33℃
2020年6月5日,雷阵雨/暴雨,33℃,25℃,无持续风向1-2级,无持续风向1-2级,,,33℃
2020年6月6日,中雨/大到暴雨,30℃,25℃,无持续风向1-2级,无持续风向1-2级,,,30℃
2020年6月7日,大雨/雷阵雨,29℃,25℃,无持续风向1-2级,无持续风向1-2级,,,29℃
2020年6月8日,大到暴雨/小雨,30℃,26℃,无持续风向1-2级,无持续风向1-2级,,,30℃
2020年6月9日,雷阵雨/阴,31℃,26℃,无持续风向1-2级,无持续风向1-2级,,,31℃
2020年6月10日,多云/多云,32℃,26℃,无持续风向1-2级,无持续风向1-2级,,,32℃
2020年6月11日,多云/多云,35℃,27℃,无持续风向1-2级,无持续风向1-2级,,,35℃
2020年6月12日,多云/多云,35℃,27℃,无持续风向1-2级,无持续风向1-2级,,,35℃
2020年6月13日,多云/中雨,35℃,26℃,无持续风向1-2级,无持续风向1-2级,,,35℃
2020年6月14日,中到大雨/阵雨,30℃,25℃,东南风3-4级,东南风3-4级,,,30℃
2020年6月15日,阵雨/阵雨,31℃,26℃,无持续风向1-2级,无持续风向1-2级,,,31℃
2020年6月16日,雷阵雨/多云,33℃,26℃,无持续风向1-2级,无持续风向1-2级,,,33℃
2020年6月17日,阵雨/多云,33℃,25℃,无持续风向1-2级,无持续风向1-2级,,,33℃
2020年6月18日,阵雨/多云,33℃,26℃,无持续风向1-2级,无持续风向1-2级,,,33℃
2020年6月19日,晴/晴,35℃,27℃,无持续风向1-2级,无持续风向1-2级,,,35℃
2020年6月20日,晴/多云,35℃,27℃,无持续风向1-2级,无持续风向1-2级,,,35℃
2020年6月21日,多云/多云,35℃,28℃,无持续风向1-2级,无持续风向1-2级,,,35℃
2020年6月22日,多云/多云,35℃,28℃,无持续风向1-2级,无持续风向1-2级,,,35℃
2020年6月23日,多云/多云,35℃,29℃,无持续风向1-2级,无持续风向1-2级,,,35℃
2020年6月24日,多云/多云,35℃,28℃,无持续风向1-2级,无持续风向1-2级,,,35℃
2020年6月25日,雷阵雨/雷阵雨,31℃,27℃,无持续风向1-2级,无持续风向1-2级,,,31℃
2020年6月26日,多云/多云,34℃,27℃,无持续风向1-2级,无持续风向1-2级,,,34℃
2020年6月27日,多云/多云,35℃,27℃,无持续风向1-2级,无持续风向1-2级,,,35℃
2020年6月28日,多云/多云,35℃,28℃,无持续风向1-2级,无持续风向1-2级,,,35℃
2020年6月29日,多云/多云,35℃,28℃,无持续风向1-2级,无持续风向1-2级,,,35℃
2020年6月30日,晴/多云,35℃,28℃,无持续风向1-2级,无持续风向1-2级,,,35℃
2020年7月1日,雷阵雨/阵雨,34℃,26℃,无持续风向1-2级,无持续风向1-2级,,,34℃
2020年7月2日,雷阵雨/阵雨,34℃,27℃,无持续风向1-2级,无持续风向1-2级,,,34℃
2020年7月3日,雷阵雨/阵雨,33℃,27℃,无持续风向1-2级,无持续风向1-2级,,,33℃
2020年7月4日,雷阵雨/雷阵雨,33℃,27℃,无持续风向1-2级,无持续风向1-2级,,,33℃
2020年7月4日,雷阵雨/雷阵雨,33℃,27℃,无持续风向1-2级,无持续风向1-2级,,,33℃
2020年7月5日,多云/多云,35℃,27℃,无持续风向1-2级,无持续风向1-2级,,,35℃
2020年7月5日,多云/多云,35℃,27℃,无持续风向1-2级,无持续风向1-2级,,,35℃
2020年7月6日,阵雨/多云,36℃,27℃,无持续风向1-2级,无持续风向1-2级,,,36℃
2020年7月7日,多云/多云,35℃,28℃,无持续风向1-2级,无持续风向1-2级,,,35℃
2020年7月8日,阵雨/多云,34℃,28℃,无持续风向1-2级,无持续风向1-2级,,,34℃
2020年7月9日,雷阵雨/阴,34℃,27℃,南风3-4级,南风3-4级,,,34℃
2020年7月10日,多云/多云,35℃,29℃,无持续风向1-2级,无持续风向1-2级,,,35℃
2020年7月11日,多云/多云,35℃,29℃,南风1-2级,南风1-2级,,,35℃
2020年7月12日,多云/多云,35℃,28℃,无持续风向1-2级,无持续风向1-2级,,,35℃
2020年7月13日,晴/晴,36℃,28℃,无持续风向1-2级,无持续风向1-2级,,,36℃
2020年7月14日,多云/多云,37℃,28℃,无持续风向1-2级,无持续风向1-2级,,,37℃
2020年7月15日,晴/晴,37℃,28℃,无持续风向1-2级,无持续风向1-2级,,,37℃
2020年7月16日,多云/多云,36℃,29℃,无持续风向1-2级,无持续风向1-2级,,,36℃
2020年7月17日,晴/晴,36℃,29℃,无持续风向1-2级,无持续风向1-2级,,,36℃
2020年7月18日,多云/多云,37℃,28℃,无持续风向1-2级,无持续风向1-2级,,,37℃
2020年7月19日,多云/多云,36℃,28℃,无持续风向1-2级,无持续风向1-2级,,,36℃
2020年7月20日,多云/多云,36℃,29℃,无持续风向1-2级,无持续风向1-2级,,,36℃
2020年7月21日,多云/多云,36℃,28℃,无持续风向1-2级,无持续风向1-2级,,,36℃
2020年7月22日,晴/晴,37℃,28℃,无持续风向1-2级,无持续风向1-2级,,,37℃
2020年7月23日,晴/晴,36℃,28℃,无持续风向1-2级,无持续风向1-2级,,,36℃
2020年7月24日,晴/多云,38℃,28℃,无持续风向1-2级,无持续风向1-2级,,,38℃
2020年7月25日,晴/晴,37℃,29℃,无持续风向1-2级,无持续风向1-2级,,,37℃
2020年7月26日,晴/晴,38℃,29℃,无持续风向1-2级,无持续风向1-2级,,,38℃
2020年7月27日,多云/多云,37℃,29℃,无持续风向1-2级,无持续风向1-2级,,,37℃
2020年7月28日,多云/多云,36℃,28℃,无持续风向1-2级,无持续风向1-2级,,,36℃
2020年7月29日,多云/多云,37℃,28℃,无持续风向1-2级,无持续风向1-2级,,,37℃
2020年7月30日,雷阵雨/雷阵雨,35℃,27℃,无持续风向1-2级,无持续风向1-2级,,,35℃
2020年7月31日,中到大雨/中雨,31℃,26℃,无持续风向1-2级,无持续风向1-2级,,,31℃
2020年8月1日,中雨/中雨,31℃,26℃,东风3-4级,东风3-4级,,,31℃
2020年8月2日,中到大雨/阵雨,29℃,25℃,无持续风向1-2级,无持续风向1-2级,,,29℃
2020年8月3日,中雨/阵雨,31℃,25℃,无持续风向1-2级,无持续风向1-2级,,,31℃
2020年8月4日,雷阵雨/雷阵雨,35℃,26℃,无持续风向1-2级,无持续风向1-2级,,,35℃
2020年8月5日,中雨/中雨,30℃,25℃,无持续风向1-2级,无持续风向1-2级,,,30℃
2020年8月6日,雷阵雨/多云,33℃,26℃,无持续风向1-2级,无持续风向1-2级,,,33℃
2020年8月7日,多云/多云,35℃,26℃,无持续风向1-2级,无持续风向1-2级,,,35℃
2020年8月8日,小雨/阴,34℃,26℃,南风1-2级,南风1-2级,,,34℃
2020年8月9日,多云/多云,36℃,27℃,无持续风向1-2级,无持续风向1-2级,,,36℃
2020年8月10日,多云/多云,36℃,27℃,无持续风向1-2级,无持续风向1-2级,,,36℃
2020年8月11日,多云/多云,36℃,27℃,无持续风向1-2级,无持续风向1-2级,,,36℃
2020年8月12日,雷阵雨/雷阵雨,32℃,26℃,东南风3-4级,东南风3-4级,,,32℃
2020年8月13日,中雨/中雨,33℃,25℃,东南风3-4级,东南风3-4级,,,33℃
2020年8月14日,阵雨/雷阵雨,33℃,26℃,东南风3-4级,东南风3-4级,,,33℃
2020年8月15日,阵雨/阵雨,34℃,26℃,东南风1-2级,东南风1-2级,,,34℃
2020年8月16日,雷阵雨/雷阵雨,34℃,27℃,东南风1-2级,东南风1-2级,,,34℃
2020年8月17日,小雨/小雨,33℃,26℃,东南风3-4级,东南风3-4级,,,33℃
2020年8月18日,小雨/小雨,33℃,25℃,东北风1-2级,东北风1-2级,,,33℃
2020年8月19日,小雨/阴,28℃,26℃,东南风3-4级,东南风3-4级,,,28℃
2020年8月20日,雷阵雨/雷阵雨,32℃,27℃,东南风3-4级,东南风3-4级,,,32℃
2020年8月21日,小雨/小雨,36℃,26℃,西南风1-2级,西南风1-2级,,,36℃
2020年8月22日,多云/多云,35℃,26℃,北风1-2级,北风1-2级,,,35℃
2020年8月23日,雷阵雨/多云,35℃,26℃,北风1-2级,北风1-2级,,,35℃
2020年8月24日,多云/多云,34℃,26℃,北风1-2级,北风1-2级,,,34℃
2020年8月25日,多云/多云,36℃,26℃,北风1-2级,北风1-2级,,,36℃
2020年8月26日,阴/多云,31℃,24℃,北风1-2级,北风1-2级,,,31℃
2020年8月27日,多云/多云,34℃,25℃,北风1-2级,北风1-2级,,,34℃
2020年8月28日,多云/多云,36℃,27℃,北风1-2级,北风1-2级,,,36℃
2020年8月29日,多云/晴,36℃,28℃,北风1-2级,北风1-2级,,,36℃
2020年8月30日,多云/多云,35℃,27℃,北风1-2级,北风1-2级,,,35℃
2020年8月31日,雷阵雨/雷阵雨,35℃,27℃,北风1-2级,北风1-2级,,,35℃
2020年9月1日,雷阵雨/多云,36℃,28℃,北风1-2级,北风1-2级,,,36℃
2020年9月2日,多云/多云,36℃,27℃,北风1-2级,北风1-2级,,,36℃
2020年9月3日,多云/多云,36℃,28℃,北风1-2级,北风1-2级,,,36℃
2020年9月4日,雷阵雨/多云,35℃,27℃,北风1-2级,北风1-2级,,,35℃
2020年9月5日,雷阵雨/雷阵雨,33℃,27℃,北风1-2级,北风1-2级,,,33℃
2020年9月6日,雷阵雨/雷阵雨,34℃,26℃,北风1-2级,北风1-2级,,,34℃
2020年9月7日,雷阵雨/雷阵雨,33℃,25℃,北风1-2级,北风1-2级,,,33℃
2020年9月8日,雷阵雨/中雨,32℃,26℃,北风1-2级,北风1-2级,,,32℃
2020年9月9日,雷阵雨/雷阵雨,33℃,25℃,北风1-2级,北风1-2级,,,33℃
2020年9月10日,雷阵雨/雷阵雨,32℃,25℃,北风1-2级,北风1-2级,,,32℃
2020年9月11日,雷阵雨/雷阵雨,33℃,25℃,北风1-2级,北风1-2级,,,33℃
2020年9月12日,中雨/中雨,32℃,25℃,北风1-2级,北风1-2级,,,32℃
2020年9月13日,中雨/雷阵雨,31℃,24℃,北风1-2级,北风1-2级,,,31℃
2020年9月14日,雷阵雨/雷阵雨,33℃,25℃,北风1-2级,北风1-2级,,,33℃
2020年9月15日,雷阵雨/雷阵雨,31℃,25℃,北风1-2级,北风1-2级,,,31℃
2020年9月16日,雷阵雨/多云,32℃,24℃,北风1-2级,北风1-2级,,,32℃
2020年9月17日,雷阵雨/雷阵雨,33℃,25℃,北风1-2级,北风1-2级,,,33℃
2020年9月18日,中雨/中雨,29℃,24℃,北风1-2级,北风1-2级,,,29℃
2020年9月19日,中雨/雷阵雨,28℃,25℃,东南风1-2级,东南风1-2级,,,28℃
2020年9月20日,中雨/雷阵雨,30℃,25℃,北风1-2级,北风1-2级,,,30℃
2020年9月21日,雷阵雨/雷阵雨,33℃,25℃,北风1-2级,北风1-2级,,,33℃
2020年9月22日,雷阵雨/雷阵雨,32℃,24℃,北风1-2级,北风1-2级,,,32℃
2020年9月23日,雷阵雨/雷阵雨,31℃,24℃,北风1-2级,北风1-2级,,,31℃
2020年9月24日,雷阵雨/多云,30℃,24℃,北风1-2级,北风1-2级,,,30℃
2020年9月25日,多云/多云,31℃,24℃,北风1-2级,北风1-2级,,,31℃
2020年9月26日,中雨/中雨,28℃,24℃,北风1-2级,北风1-2级,,,28℃
2020年9月27日,雷阵雨/雷阵雨,28℃,23℃,东北风1-2级,东北风1-2级,,,28℃
2020年9月28日,雷阵雨/雷阵雨,30℃,25℃,北风1-2级,北风1-2级,,,30℃
2020年9月29日,雷阵雨/雷阵雨,29℃,24℃,北风1-2级,北风1-2级,,,29℃
2020年9月30日,中雨/雷阵雨,30℃,23℃,北风1-2级,北风1-2级,,,30℃
2020年10月1日,雷阵雨/多云,28℃,24℃,北风1-2级,北风1-2级,,,28℃
2020年10月2日,雷阵雨/多云,31℃,23℃,北风1-2级,北风1-2级,,,31℃
2020年10月3日,多云/多云,31℃,23℃,北风1-2级,北风1-2级,,,31℃
2020年10月4日,雷阵雨/小雨,33℃,22℃,北风1-2级,北风1-2级,,,33℃
2020年10月5日,阴/阴,28℃,21℃,北风3-4级,北风3-4级,,,28℃
2020年10月6日,多云/多云,29℃,21℃,北风1-2级,北风1-2级,,,29℃
2020年10月7日,多云/多云,29℃,21℃,北风1-2级,北风1-2级,,,29℃
2020年10月8日,多云/多云,27℃,20℃,北风3-4级,北风3-4级,,,27℃
2020年10月9日,多云/多云,27℃,20℃,北风1-2级,北风1-2级,,,27℃
2020年10月10日,多云/多云,28℃,21℃,北风1-2级,北风1-2级,,,28℃
2020年10月11日,多云/多云,29℃,21℃,北风1-2级,北风1-2级,,,29℃
2020年10月12日,多云/多云,28℃,21℃,北风1-2级,北风1-2级,,,28℃
2020年10月13日,小雨/小雨,26℃,22℃,北风1-2级,北风1-2级,,,26℃
2020年10月14日,小雨/小雨,24℃,22℃,北风1-2级,北风1-2级,,,24℃
2020年10月15日,阴/多云,29℃,22℃,北风1-2级,北风1-2级,,,29℃
2020年10月16日,多云/多云,30℃,20℃,北风3-4级,北风3-4级,,,30℃
2020年10月17日,多云/多云,29℃,22℃,北风1-2级,北风1-2级,,,29℃
2020年10月18日,多云/多云,28℃,21℃,北风1-2级,北风1-2级,,,28℃
2020年10月19日,多云/多云,26℃,20℃,北风3-4级,北风3-4级,,,26℃
2020年10月20日,多云/多云,26℃,19℃,北风1-2级,北风1-2级,,,26℃
2020年10月21日,多云/阴,27℃,19℃,北风3-4级,北风3-4级,,,27℃
2020年10月22日,多云/多云,25℃,19℃,北风3-4级,北风3-4级,,,25℃
2020年10月23日,多云/阴,26℃,17℃,北风3-4级,北风3-4级,,,26℃
2020年10月24日,阴/多云,24℃,20℃,北风1-2级,北风1-2级,,,24℃
2020年10月25日,阴/阴,27℃,20℃,北风1-2级,北风1-2级,,,27℃
2020年10月26日,多云/多云,29℃,21℃,北风1-2级,北风1-2级,,,29℃
2020年10月27日,晴/多云,30℃,21℃,北风1-2级,北风1-2级,,,30℃
2020年10月28日,多云/多云,31℃,21℃,北风1-2级,北风1-2级,,,31℃
2020年10月29日,小雨/多云,25℃,19℃,北风3-4级,北风3-4级,,,25℃
2020年10月30日,多云/多云,27℃,20℃,北风1-2级,北风1-2级,,,27℃
2020年10月31日,多云/多云,27℃,21℃,北风1-2级,北风1-2级,,,27℃
2020年11月1日,多云/多云,29℃,20℃,北风1-2级,北风1-2级,,,29℃
2020年11月2日,阴/多云,27℃,19℃,北风3-4级,北风3-4级,,,27℃
2020年11月3日,多云/多云,26℃,19℃,北风1-2级,北风1-2级,,,26℃
2020年11月4日,多云/多云,27℃,19℃,北风1-2级,北风1-2级,,,27℃
2020年11月5日,多云/多云,28℃,18℃,北风1-2级,北风1-2级,,,28℃
2020年11月6日,多云/多云,29℃,20℃,北风3-4级,北风3-4级,,,29℃
2020年11月7日,多云/多云,29℃,20℃,北风3-4级,北风3-4级,,,29℃
2020年11月8日,多云/多云,27℃,19℃,北风1-2级,北风1-2级,,,27℃
2020年11月9日,多云/多云,26℃,17℃,北风1-2级,北风1-2级,,,26℃
2020年11月10日,多云/多云,25℃,18℃,东北风1-2级,东北风1-2级,,,25℃
2020年11月11日,多云/多云,25℃,15℃,北风1-2级,北风1-2级,,,25℃
2020年11月12日,晴/多云,27℃,17℃,北风3-4级,北风3-4级,,,27℃
2020年11月13日,多云/阴,27℃,18℃,北风3-4级,北风3-4级,,,27℃
2020年11月14日,阴/阴,24℃,20℃,北风1-2级,北风1-2级,,,24℃
2020年11月15日,多云/多云,25℃,19℃,北风1-2级,北风1-2级,,,25℃
2020年11月16日,多云/多云,28℃,19℃,北风1-2级,北风1-2级,,,28℃
2020年11月17日,多云/阴,29℃,21℃,北风1-2级,北风1-2级,,,29℃
2020年11月18日,多云/阴,28℃,22℃,北风1-2级,北风1-2级,,,28℃
2020年11月19日,多云/多云,28℃,23℃,北风1-2级,北风1-2级,,,28℃
2020年11月20日,多云/多云,30℃,23℃,北风1-2级,北风1-2级,,,30℃
2020年11月21日,阴/多云,27℃,22℃,北风1-2级,北风1-2级,,,27℃
2020年11月22日,小雨/阴,28℃,18℃,北风1-2级,北风1-2级,,,28℃
2020年11月23日,多云/多云,25℃,17℃,北风1-2级,北风1-2级,,,25℃
2020年11月24日,多云/多云,26℃,17℃,北风1-2级,北风1-2级,,,26℃
2020年11月25日,多云/多云,27℃,19℃,北风1-2级,北风1-2级,,,27℃
2020年11月26日,多云/多云,27℃,16℃,北风3-4级,北风3-4级,,,27℃
2020年11月27日,多云/多云,23℃,15℃,北风1-2级,北风1-2级,,,23℃
2020年11月28日,多云/晴,22℃,14℃,北风1-2级,北风1-2级,,,22℃
2020年11月29日,多云/多云,22℃,14℃,北风3-4级,北风3-4级,,,22℃
2020年11月30日,晴/晴,21℃,14℃,北风1-2级,北风1-2级,,,21℃
2020年12月1日,多云/多云,22℃,14℃,北风3-4级,北风3-4级,,,22℃
2020年12月2日,多云/晴,23℃,12℃,北风1-2级,北风1-2级,,,23℃
2020年12月3日,晴/晴,21℃,11℃,北风1-2级,北风1-2级,,,21℃
2020年12月3日,晴/晴,21℃,11℃,北风1-2级,北风1-2级,,,21℃
2020年12月4日,多云/多云,17℃,10℃,北风1-2级,北风1-2级,,,17℃
2020年12月5日,晴/多云,18℃,12℃,北风1-2级,北风1-2级,,,18℃
2020年12月6日,多云/多云,21℃,14℃,北风1-2级,北风1-2级,,,21℃
2020年12月7日,多云/多云,22℃,11℃,北风3-4级,北风3-4级,,,22℃
2020年12月8日,多云/多云,21℃,14℃,北风1-2级,北风1-2级,,,21℃
2020年12月9日,多云/多云,22℃,14℃,北风1-2级,北风1-2级,,,22℃
2020年12月10日,多云/阴,20℃,15℃,北风1-2级,北风1-2级,,,20℃
2020年12月11日,多云/多云,23℃,18℃,北风1-2级,北风1-2级,,,23℃
2020年12月12日,多云/多云,23℃,17℃,北风1-2级,北风1-2级,,,23℃
2020年12月13日,小雨/小雨,20℃,14℃,北风1-2级,北风1-2级,,,20℃
2020年12月14日,小雨/小雨,16℃,9℃,北风1-2级,北风1-2级,,,16℃
2020年12月15日,多云/阴,13℃,8℃,北风3-4级,北风3-4级,,,13℃
2020年12月16日,多云/多云,14℃,10℃,北风1-2级,北风1-2级,,,14℃
2020年12月17日,多云/多云,14℃,8℃,北风1-2级,北风1-2级,,,14℃
2020年12月18日,多云/多云,13℃,10℃,北风3-4级,北风3-4级,,,13℃
2020年12月19日,多云/多云,14℃,8℃,北风3-4级,北风3-4级,,,14℃
2020年12月20日,多云/阴,15℃,9℃,北风3-4级,北风3-4级,,,15℃
2020年12月21日,多云/多云,17℃,10℃,北风1-2级,北风1-2级,,,17℃
2020年12月22日,多云/阴,18℃,11℃,北风1-2级,北风1-2级,,,18℃
2020年12月23日,阵雨/多云,17℃,14℃,北风1-2级,北风1-2级,,,17℃
2020年12月24日,多云/多云,23℃,10℃,北风3-4级,北风3-4级,,,23℃
2020年12月25日,多云/阴,20℃,14℃,北风1-2级,北风1-2级,,,20℃
2020年12月26日,多云/多云,20℃,16℃,北风1-2级,北风1-2级,,,20℃
2020年12月27日,多云/多云,24℃,17℃,北风1-2级,北风1-2级,,,24℃
2020年12月28日,多云/多云,26℃,14℃,北风1-2级,北风1-2级,,,26℃
2020年12月29日,多云/多云,25℃,9℃,北风3-4级,北风3-4级,,,25℃
2020年12月30日,多云/多云,14℃,5℃,北风4-5级,北风4-5级,,,14℃
2020年12月31日,多云/晴,13℃,3℃,北风1-2级,北风1-2级,,,13℃
2021年1月1日,多云/晴,14℃,7℃,北风1-2级,北风1-2级,,,14℃
2021年1月2日,晴/晴,17℃,7℃,北风1-2级,北风1-2级,,,17℃
2021年1月3日,多云/多云,19℃,10℃,北风1-2级,北风1-2级,,,19℃
2021年1月4日,多云/阴,22℃,15℃,北风1-2级,北风1-2级,,,22℃
2021年1月5日,多云/阴,21℃,12℃,北风1-2级,北风1-2级,,,21℃
2021年1月6日,多云/多云,19℃,10℃,北风3-4级,北风3-4级,,,19℃
2021年1月7日,阴/阴,15℃,4℃,北风3-4级,北风3-4级,,,15℃
2021年1月8日,多云/阴,11℃,5℃,北风3-4级,北风3-4级,,,11℃
2021年1月9日,多云/阴,10℃,6℃,北风1-2级,北风1-2级,,,10℃
2021年1月10日,阴/阴,12℃,8℃,北风1-2级,北风1-2级,,,12℃
2021年1月11日,多云/晴,12℃,5℃,北风1-2级,北风1-2级,,,12℃
2021年1月12日,晴/晴,15℃,4℃,北风1-2级,北风1-2级,,,15℃
2021年1月13日,多云/多云,18℃,7℃,北风1-2级,北风1-2级,,,18℃
2021年1月14日,晴/晴,22℃,10℃,北风1-2级,北风1-2级,,,22℃
2021年1月15日,多云/多云,22℃,11℃,北风1-2级,北风1-2级,,,22℃
2021年1月16日,多云/多云,23℃,12℃,北风1-2级,北风1-2级,,,23℃
2021年1月17日,多云/多云,17℃,7℃,北风1-2级,北风1-2级,,,17℃
2021年1月18日,多云/多云,18℃,7℃,北风1-2级,北风1-2级,,,18℃
2021年1月19日,多云/阴,19℃,12℃,北风1-2级,北风1-2级,,,19℃
2021年1月20日,多云/多云,21℃,14℃,北风1-2级,北风1-2级,,,21℃
2021年1月21日,阴/多云,25℃,16℃,北风1-2级,北风1-2级,,,25℃
2021年1月22日,小雨/多云,22℃,13℃,北风1-2级,北风1-2级,,,22℃
2021年1月23日,雾/雾,25℃,13℃,北风1-2级,北风1-2级,,,25℃
2021年1月24日,多云/多云,26℃,15℃,北风1-2级,北风1-2级,,,26℃
2021年1月25日,多云/多云,23℃,14℃,北风1-2级,北风1-2级,,,23℃
2021年1月26日,多云/多云,24℃,15℃,北风1-2级,北风1-2级,,,24℃
2021年1月27日,多云/阴,24℃,14℃,北风1-2级,北风1-2级,,,24℃
2021年1月28日,晴/晴,20℃,10℃,北风3-4级,北风3-4级,,,20℃
2021年1月29日,多云/多云,19℃,9℃,北风1-2级,北风1-2级,,,19℃
2021年1月30日,多云/多云,22℃,12℃,北风1-2级,北风1-2级,,,22℃
2021年1月31日,多云/多云,24℃,13℃,北风1-2级,北风1-2级,,,24℃
2021年2月1日,多云/多云,25℃,14℃,北风1-2级,北风1-2级,,,25℃
2021年2月2日,多云/多云,27℃,15℃,北风1-2级,北风1-2级,,,27℃
2021年2月3日,多云/多云,25℃,13℃,北风1-2级,北风1-2级,,,25℃
2021年2月4日,晴/晴,27℃,13℃,北风1-2级,北风1-2级,,,27℃
2021年2月5日,晴/多云,27℃,13℃,北风1-2级,北风1-2级,,,27℃
2021年2月6日,多云/多云,27℃,15℃,北风1-2级,北风1-2级,,,27℃
2021年2月7日,多云/多云,27℃,16℃,北风1-2级,北风1-2级,,,27℃
2021年2月8日,多云/阴,26℃,15℃,北风1-2级,北风1-2级,,,26℃
2021年2月9日,雷阵雨/大雨,20℃,14℃,东北风3-4级,东北风3-4级,,,20℃
2021年2月10日,中雨/多云,17℃,12℃,北风1-2级,北风1-2级,,,17℃
2021年2月11日,多云/晴,21℃,11℃,北风1-2级,北风1-2级,,,21℃
2021年2月12日,晴/晴,22℃,14℃,北风1-2级,北风1-2级,,,22℃
2021年2月13日,多云/多云,23℃,13℃,北风1-2级,北风1-2级,,,23℃
2021年2月14日,多云/多云,25℃,14℃,北风1-2级,北风1-2级,,,25℃
2021年2月15日,多云/多云,25℃,15℃,北风1-2级,北风1-2级,,,25℃
2021年2月16日,多云/多云,25℃,15℃,北风1-2级,北风1-2级,,,25℃
2021年2月17日,多云/晴,22℃,13℃,北风3-4级,北风3-4级,,,22℃
2021年2月18日,晴/晴,22℃,11℃,北风1-2级,北风1-2级,,,22℃
2021年2月19日,晴/多云,24℃,13℃,北风1-2级,北风1-2级,,,24℃
2021年2月20日,晴/晴,25℃,14℃,北风1-2级,北风1-2级,,,25℃
2021年2月21日,多云/多云,28℃,15℃,北风1-2级,北风1-2级,,,28℃
2021年2月22日,多云/多云,28℃,16℃,北风1-2级,北风1-2级,,,28℃
2021年2月23日,多云/多云,29℃,17℃,北风1-2级,北风1-2级,,,29℃
2021年2月24日,多云/多云,28℃,19℃,北风1-2级,北风1-2级,,,28℃
2021年2月25日,小雨/小雨,26℃,18℃,北风1-2级,北风1-2级,,,26℃
2021年2月26日,中雨/小雨,21℃,13℃,北风1-2级,北风1-2级,,,21℃
2021年2月27日,阴/阴,21℃,16℃,北风1-2级,北风1-2级,,,21℃
2021年2月28日,多云/小雨,21℃,16℃,北风1-2级,北风1-2级,,,21℃
2021年3月1日,小雨/小雨,24℃,13℃,北风3-4级,北风3-4级,,,24℃
2021年3月2日,多云/阴,20℃,15℃,北风3-4级,北风3-4级,,,20℃
2021年3月3日,阴/阴,23℃,17℃,北风1-2级,北风1-2级,,,23℃
2021年3月4日,中雨/小雨,22℃,18℃,北风1-2级,北风1-2级,,,22℃
2021年3月5日,中雨/雷阵雨,21℃,18℃,北风1-2级,北风1-2级,,,21℃
2021年3月6日,雷阵雨/雷阵雨,25℃,15℃,北风3-4级,北风3-4级,,,25℃
2021年3月7日,多云/多云,20℃,15℃,北风1-2级,北风1-2级,,,20℃
2021年3月8日,阵雨/阵雨,21℃,13℃,北风1-2级,北风1-2级,,,21℃
2021年3月9日,阴/阴,23℃,17℃,北风1-2级,北风1-2级,,,23℃
2021年3月10日,多云/小雨,25℃,18℃,南风1-2级,南风1-2级,,,25℃
2021年3月11日,阴/阴,23℃,19℃,北风1-2级,北风1-2级,,,23℃
2021年3月12日,阵雨/阴,26℃,20℃,北风1-2级,北风1-2级,,,26℃
2021年3月13日,阴/多云,27℃,19℃,北风1-2级,北风1-2级,,,27℃
2021年3月14日,阴/阴,27℃,19℃,北风1-2级,北风1-2级,,,27℃
2021年3月15日,阴/多云,27℃,19℃,北风1-2级,北风1-2级,,,27℃
2021年3月16日,多云/多云,28℃,19℃,北风1-2级,北风1-2级,,,28℃
2021年3月17日,多云/阴,29℃,20℃,北风1-2级,北风1-2级,,,29℃
2021年3月18日,多云/多云,28℃,21℃,北风1-2级,北风1-2级,,,28℃
2021年3月19日,多云/阴,30℃,21℃,南风1-2级,南风1-2级,,,30℃
2021年3月20日,多云/阴,30℃,18℃,北风3-4级,北风3-4级,,,30℃
2021年3月21日,小雨/小雨,18℃,13℃,北风1-2级,北风1-2级,,,18℃
2021年3月22日,多云/多云,21℃,13℃,北风1-2级,北风1-2级,,,21℃
2021年3月23日,小雨/小雨,21℃,16℃,北风1-2级,北风1-2级,,,21℃
2021年3月24日,多云/多云,26℃,18℃,北风1-2级,北风1-2级,,,26℃
2021年3月25日,多云/多云,27℃,16℃,北风1-2级,北风1-2级,,,27℃
2021年3月26日,多云/多云,28℃,19℃,北风1-2级,北风1-2级,,,28℃
2021年3月27日,阴/多云,28℃,21℃,北风1-2级,北风1-2级,,,28℃
2021年3月28日,多云/多云,30℃,22℃,北风1-2级,北风1-2级,,,30℃
2021年3月29日,多云/多云,32℃,23℃,北风1-2级,北风1-2级,,,32℃
2021年3月30日,多云/多云,32℃,23℃,南风1-2级,南风1-2级,,,32℃
2021年3月31日,多云/多云,30℃,24℃,南风3-4级,南风3-4级,,,30℃
2021年4月1日,多云/多云,32℃,24℃,南风3-4级,南风3-4级,,,32℃
2021年4月2日,多云/多云,32℃,24℃,北风1-2级,北风1-2级,,,32℃
2021年4月3日,多云/多云,32℃,25℃,北风1-2级,北风1-2级,,,32℃
2021年4月4日,多云/多云,29℃,20℃,北风3-4级,北风3-4级,,,29℃
2021年4月5日,阴/多云,28℃,21℃,北风1-2级,北风1-2级,,,28℃
2021年4月6日,阴/多云,30℃,22℃,北风1-2级,北风1-2级,,,30℃
2021年4月7日,小雨/中雨,28℃,20℃,北风1-2级,北风1-2级,,,28℃
2021年4月8日,中雨/小雨,23℃,18℃,北风1-2级,北风1-2级,,,23℃
2021年4月9日,阴/阴,22℃,19℃,北风1-2级,北风1-2级,,,22℃
2021年4月10日,阴/多云,25℃,19℃,北风1-2级,北风1-2级,,,25℃
2021年4月11日,阴/多云,28℃,19℃,北风1-2级,北风1-2级,,,28℃
2021年4月12日,阴/多云,29℃,21℃,北风1-2级,北风1-2级,,,29℃
2021年4月13日,多云/多云,30℃,22℃,北风1-2级,北风1-2级,,,30℃
2021年4月14日,多云/雷阵雨,31℃,23℃,北风1-2级,北风1-2级,,,31℃
2021年4月15日,暴雨/中雨,27℃,21℃,北风1-2级,北风1-2级,,,27℃
2021年4月16日,中雨/中雨,23℃,21℃,北风1-2级,北风1-2级,,,23℃
2021年4月17日,雷阵雨/阴,24℃,20℃,北风1-2级,北风1-2级,,,24℃
2021年4月18日,小雨/小雨,24℃,19℃,北风1-2级,北风1-2级,,,24℃
2021年4月19日,雷阵雨/阴,22℃,19℃,北风1-2级,北风1-2级,,,22℃
2021年4月20日,阴/阴,25℃,20℃,北风1-2级,北风1-2级,,,25℃
2021年4月21日,阴/多云,28℃,21℃,南风1-2级,南风1-2级,,,28℃
2021年4月22日,多云/多云,30℃,22℃,北风1-2级,北风1-2级,,,30℃
2021年4月23日,多云/多云,31℃,23℃,北风1-2级,北风1-2级,,,31℃
2021年4月24日,雷阵雨/雷阵雨,32℃,25℃,北风1-2级,北风1-2级,,,32℃
2021年4月25日,雷阵雨/中雨,25℃,20℃,北风1-2级,北风1-2级,,,25℃
2021年4月26日,雷阵雨/雷阵雨,26℃,21℃,北风1-2级,北风1-2级,,,26℃
2021年4月27日,中雨/大雨,25℃,21℃,北风1-2级,北风1-2级,,,25℃
2021年4月28日,中雨/小雨,23℃,19℃,北风1-2级,北风1-2级,,,23℃
2021年4月29日,多云/多云,27℃,18℃,北风1-2级,北风1-2级,,,27℃
2021年4月30日,多云/晴,29℃,19℃,北风1-2级,北风1-2级,,,29℃
2021年5月1日,多云/多云,31℃,23℃,北风1-2级,北风1-2级,,,31℃
2021年5月2日,小雨/雷阵雨,30℃,22℃,北风1-2级,北风1-2级,,,30℃
2021年5月3日,雷阵雨/多云,30℃,23℃,南风3-4级,南风3-4级,,,30℃
2021年5月4日,小雨/小雨,30℃,21℃,北风1-2级,北风1-2级,,,30℃
2021年5月5日,阴/阴,28℃,21℃,北风1-2级,北风1-2级,,,28℃
2021年5月6日,阴/阴,31℃,22℃,北风1-2级,北风1-2级,,,31℃
2021年5月7日,雷阵雨/多云,32℃,23℃,北风1-2级,北风1-2级,,,32℃
2021年5月8日,雷阵雨/多云,33℃,23℃,西南风1-2级,西南风1-2级,,,33℃
2021年5月9日,雷阵雨/雷阵雨,34℃,24℃,北风1-2级,北风1-2级,,,34℃
2021年5月10日,阴/多云,32℃,24℃,北风1-2级,北风1-2级,,,32℃
2021年5月11日,多云/多云,34℃,25℃,南风1-2级,南风1-2级,,,34℃
2021年5月12日,多云/雷阵雨,34℃,25℃,北风1-2级,北风1-2级,,,34℃
2021年5月13日,多云/多云,35℃,26℃,北风1-2级,北风1-2级,,,35℃
2021年5月14日,雷阵雨/多云,35℃,26℃,北风1-2级,北风1-2级,,,35℃
2021年5月15日,多云/多云,34℃,27℃,南风1-2级,南风1-2级,,,34℃
2021年5月16日,雷阵雨/雷阵雨,35℃,26℃,南风3-4级,南风3-4级,,,35℃
2021年5月17日,大雨/雷阵雨,33℃,25℃,北风1-2级,北风1-2级,,,33℃
2021年5月18日,中雨/阵雨,32℃,26℃,北风1-2级,北风1-2级,,,32℃
2021年5月19日,雷阵雨/阴,33℃,26℃,南风1-2级,南风1-2级,,,33℃
2021年5月20日,多云/多云,34℃,28℃,北风1-2级,北风1-2级,,,34℃
2021年5月21日,阴/阴,36℃,28℃,北风1-2级,北风1-2级,,,36℃
2021年5月22日,多云/多云,36℃,28℃,北风1-2级,北风1-2级,,,36℃
2021年5月23日,多云/雷阵雨,35℃,27℃,北风1-2级,北风1-2级,,,35℃
2021年5月24日,雷阵雨/雷阵雨,33℃,26℃,北风1-2级,北风1-2级,,,33℃
2021年5月25日,中雨/雷阵雨,33℃,26℃,北风1-2级,北风1-2级,,,33℃
2021年5月26日,多云/多云,35℃,26℃,北风1-2级,北风1-2级,,,35℃
2021年5月27日,雷阵雨/阴,34℃,27℃,北风1-2级,北风1-2级,,,34℃
2021年5月28日,雷阵雨/雷阵雨,35℃,27℃,北风1-2级,北风1-2级,,,35℃
2021年5月29日,雷阵雨/多云,35℃,27℃,北风1-2级,北风1-2级,,,35℃
2021年5月30日,大雨/中雨,33℃,26℃,北风1-2级,北风1-2级,,,33℃
2021年5月31日,中雨/大雨,30℃,24℃,北风1-2级,北风1-2级,,,30℃
2021年6月1日,大雨/中雨,32℃,26℃,北风1-2级,北风1-2级,,,32℃
2021年6月2日,大雨/雷阵雨,31℃,26℃,北风1-2级,北风1-2级,,,31℃
2021年6月3日,中雨/中雨,35℃,24℃,北风1-2级,北风1-2级,,,35℃
2021年6月4日,大雨/小雨,28℃,23℃,北风1-2级,北风1-2级,,,28℃
2021年6月4日,大雨/小雨,28℃,23℃,北风1-2级,北风1-2级,,,28℃
2021年6月4日,大雨/小雨,28℃,23℃,北风1-2级,北风1-2级,,,28℃
2021年6月5日,阴/多云,32℃,24℃,北风1-2级,北风1-2级,,,32℃
2021年6月6日,多云/多云,32℃,24℃,北风1-2级,北风1-2级,,,32℃
2021年6月7日,中雨/阵雨,31℃,24℃,北风1-2级,北风1-2级,,,31℃
2021年6月8日,多云/雷阵雨,35℃,25℃,北风1-2级,北风1-2级,,,35℃
2021年6月9日,雷阵雨/雷阵雨,34℃,25℃,北风1-2级,北风1-2级,,,34℃
2021年6月10日,雷阵雨/多云,34℃,27℃,北风1-2级,北风1-2级,,,34℃
2021年6月11日,雷阵雨/雷阵雨,34℃,25℃,北风1-2级,北风1-2级,,,34℃
2021年6月12日,中雨/中雨,31℃,24℃,北风1-2级,北风1-2级,,,31℃
2021年6月13日,中雨/雷阵雨,32℃,27℃,东南风3-4级,东南风3-4级,,,32℃
2021年6月14日,雷阵雨/多云,31℃,25℃,北风1-2级,北风1-2级,,,31℃
2021年6月15日,雷阵雨/多云,34℃,27℃,北风1-2级,北风1-2级,,,34℃
2021年6月16日,雷阵雨/多云,34℃,27℃,北风1-2级,北风1-2级,,,34℃
2021年6月17日,多云/多云,34℃,27℃,北风1-2级,北风1-2级,,,34℃
2021年6月18日,多云/多云,35℃,26℃,北风1-2级,北风1-2级,,,35℃
2021年6月19日,多云/多云,36℃,28℃,北风1-2级,北风1-2级,,,36℃
2021年6月20日,多云/多云,35℃,28℃,北风1-2级,北风1-2级,,,35℃
2021年6月21日,雷阵雨/大雨,35℃,25℃,北风1-2级,北风1-2级,,,35℃
2021年6月22日,中雨/大雨,30℃,25℃,北风1-2级,北风1-2级,,,30℃
2021年6月23日,中雨/雷阵雨,30℃,25℃,北风1-2级,北风1-2级,,,30℃
2021年6月24日,大雨/阴,29℃,24℃,北风1-2级,北风1-2级,,,29℃
2021年6月25日,雷阵雨/雷阵雨,32℃,26℃,北风1-2级,北风1-2级,,,32℃
2021年6月26日,雷阵雨/多云,35℃,25℃,北风1-2级,北风1-2级,,,35℃
2021年6月27日,雷阵雨/多云,34℃,26℃,北风1-2级,北风1-2级,,,34℃
2021年6月28日,小雨/雷阵雨,32℃,26℃,北风1-2级,北风1-2级,,,32℃
2021年6月29日,中雨/雷阵雨,33℃,26℃,北风1-2级,北风1-2级,,,33℃
2021年6月30日,雷阵雨/雷阵雨,33℃,27℃,南风1-2级,南风1-2级,,,33℃
2021年7月1日,多云/多云,35℃,28℃,北风1-2级,北风1-2级,,,35℃
2021年7月2日,中雨/多云,35℃,27℃,北风1-2级,北风1-2级,,,35℃
2021年7月3日,多云/多云,34℃,27℃,北风1-2级,北风1-2级,,,34℃
2021年7月4日,多云/多云,35℃,27℃,北风1-2级,北风1-2级,,,35℃
2021年7月5日,多云/晴,35℃,28℃,北风1-2级,北风1-2级,,,35℃
2021年7月6日,雷阵雨/雷阵雨,34℃,26℃,北风1-2级,北风1-2级,,,34℃
2021年7月7日,雷阵雨/雷阵雨,33℃,27℃,北风1-2级,北风1-2级,,,33℃
2021年7月8日,多云/多云,34℃,27℃,北风1-2级,北风1-2级,,,34℃
2021年7月9日,多云/多云,36℃,28℃,北风1-2级,北风1-2级,,,36℃
2021年7月10日,多云/多云,36℃,28℃,北风1-2级,北风1-2级,,,36℃
2021年7月11日,多云/多云,36℃,27℃,北风1-2级,北风1-2级,,,36℃
2021年7月12日,多云/多云,36℃,27℃,北风1-2级,北风1-2级,,,36℃
2021年7月13日,多云/多云,36℃,28℃,北风1-2级,北风1-2级,,,36℃
2021年7月14日,多云/多云,36℃,28℃,北风1-2级,北风1-2级,,,36℃
2021年7月15日,多云/多云,37℃,27℃,北风1-2级,北风1-2级,,,37℃
2021年7月16日,雷阵雨/雷阵雨,36℃,27℃,北风1-2级,北风1-2级,,,36℃
2021年7月17日,雷阵雨/雷阵雨,34℃,27℃,北风1-2级,北风1-2级,,,34℃
2021年7月18日,雷阵雨/雷阵雨,34℃,26℃,北风1-2级,北风1-2级,,,34℃
2021年7月19日,中雨/小雨,31℃,26℃,北风1-2级,北风1-2级,,,31℃
2021年7月20日,大雨/雷阵雨,30℃,25℃,北风1-2级,北风1-2级,,,30℃
2021年7月21日,中雨/雷阵雨,30℃,26℃,东风3-4级,东风3-4级,,,30℃
2021年7月22日,阵雨/多云,34℃,27℃,北风1-2级,北风1-2级,,,34℃
2021年7月23日,晴/晴,37℃,27℃,北风1-2级,北风1-2级,,,37℃
2021年7月24日,多云/晴,37℃,27℃,北风1-2级,北风1-2级,,,37℃
2021年7月25日,多云/多云,36℃,28℃,北风1-2级,北风1-2级,,,36℃
2021年7月26日,雷阵雨/多云,37℃,27℃,北风1-2级,北风1-2级,,,37℃
2021年7月27日,多云/多云,37℃,28℃,北风1-2级,北风1-2级,,,37℃
2021年7月28日,雷阵雨/雷阵雨,37℃,28℃,北风1-2级,北风1-2级,,,37℃
2021年7月29日,中雨/雷阵雨,36℃,26℃,北风1-2级,北风1-2级,,,36℃
2021年7月30日,中雨/雷阵雨,34℃,26℃,北风1-2级,北风1-2级,,,34℃
2021年7月31日,中雨/雷阵雨,35℃,26℃,北风1-2级,北风1-2级,,,35℃
2021年8月1日,雷阵雨/多云,34℃,25℃,北风1-2级,北风1-2级,,,34℃
2021年8月2日,雷阵雨/雷阵雨,34℃,26℃,北风1-2级,北风1-2级,,,34℃
2021年8月3日,雷阵雨/雷阵雨,34℃,26℃,北风1-2级,北风1-2级,,,34℃
2021年8月4日,中雨/雷阵雨,31℃,26℃,北风1-2级,北风1-2级,,,31℃
2021年8月5日,雷阵雨/雷阵雨,33℃,26℃,北风1-2级,北风1-2级,,,33℃
2021年8月6日,中雨/雷阵雨,32℃,26℃,北风1-2级,北风1-2级,,,32℃
2021年8月7日,中雨/小雨,33℃,26℃,西南风1-2级,西南风1-2级,,,33℃
2021年8月8日,雷阵雨/雷阵雨,32℃,27℃,北风1-2级,北风1-2级,,,32℃
2021年8月9日,雷阵雨/雷阵雨,35℃,26℃,北风1-2级,北风1-2级,,,35℃
2021年8月10日,雷阵雨/雷阵雨,30℃,26℃,北风1-2级,北风1-2级,,,30℃
2021年8月11日,中雨/雷阵雨,33℃,26℃,北风1-2级,北风1-2级,,,33℃
2021年8月12日,中雨/雷阵雨,33℃,25℃,北风1-2级,北风1-2级,,,33℃
2021年8月13日,雷阵雨/雷阵雨,34℃,26℃,北风1-2级,北风1-2级,,,34℃
2021年8月14日,中雨/雷阵雨,33℃,26℃,北风1-2级,北风1-2级,,,33℃
2021年8月15日,中雨/雷阵雨,32℃,25℃,北风1-2级,北风1-2级,,,32℃
2021年8月16日,雷阵雨/多云,33℃,25℃,北风1-2级,北风1-2级,,,33℃
2021年8月17日,多云/多云,34℃,27℃,北风1-2级,北风1-2级,,,34℃
2021年8月18日,雷阵雨/阴,36℃,27℃,北风1-2级,北风1-2级,,,36℃
2021年8月19日,雷阵雨/多云,33℃,25℃,北风1-2级,北风1-2级,,,33℃
2021年8月20日,多云/多云,35℃,26℃,北风1-2级,北风1-2级,,,35℃
2021年8月21日,晴/晴,36℃,27℃,北风1-2级,北风1-2级,,,36℃
2021年8月22日,多云/多云,36℃,27℃,北风1-2级,北风1-2级,,,36℃
2021年8月23日,多云/多云,36℃,27℃,北风1-2级,北风1-2级,,,36℃
2021年8月24日,多云/多云,36℃,27℃,北风1-2级,北风1-2级,,,36℃
2021年8月25日,雷阵雨/多云,33℃,26℃,北风1-2级,北风1-2级,,,33℃
2021年8月26日,雷阵雨/雷阵雨,35℃,27℃,北风1-2级,北风1-2级,,,35℃
2021年8月27日,雷阵雨/雷阵雨,35℃,26℃,北风1-2级,北风1-2级,,,35℃
2021年8月28日,雷阵雨/多云,33℃,26℃,北风1-2级,北风1-2级,,,33℃
2021年8月29日,雷阵雨/雷阵雨,32℃,25℃,北风1-2级,北风1-2级,,,32℃
2021年8月30日,阵雨/阵雨,34℃,26℃,北风1-2级,北风1-2级,,,34℃
2021年8月31日,雷阵雨/阵雨,32℃,26℃,北风1-2级,北风1-2级,,,32℃
